s,shopping_pt,record_type,day,time,state,location,group_size,homeowner,car_age,car_value,risk_factor,age_oldest,age_youngest,married_couple,C_previous,duration_previous,A,B,C,D,E,F,G,cost
10000000,1,0,0,8:35,IN,10001,2,0,2,g,3,46,42,1,1,2,1,0,2,2,1,2,2,633
10000000,2,0,0,8:38,IN,10001,2,0,2,g,3,46,42,1,1,2,1,0,2,2,1,2,1,630
10000000,3,0,0,8:38,IN,10001,2,0,2,g,3,46,42,1,1,2,1,0,2,2,1,2,1,630
10000000,4,0,0,8:39,IN,10001,2,0,2,g,3,46,42,1,1,2,1,0,2,2,1,2,1,630
10000000,5,0,0,11:55,IN,10001,2,0,2,g,3,46,42,1,1,2,1,0,2,2,1,2,1,630
10000000,6,0,0,11:57,IN,10001,2,0,2,g,3,46,42,1,1,2,1,0,2,2,1,2,1,638
10000000,7,0,0,11:58,IN,10001,2,0,2,g,3,46,42,1,1,2,1,0,2,2,1,2,1,638
10000000,8,0,0,12:03,IN,10001,2,0,2,g,3,46,42,1,1,2,1,0,2,2,1,2,1,638
10000000,9,1,0,12:07,IN,10001,2,0,2,g,3,46,42,1,1,2,1,0,2,2,1,2,1,634
10000005,1,0,3,8:56,NY,10006,1,0,10,e,4,28,28,0,3,13,1,1,3,3,1,0,2,755
10000005,2,0,3,8:56,NY,10006,1,0,10,e,4,28,28,0,3,13,1,1,3,3,1,0,2,755
10000005,3,0,3,8:57,NY,10006,1,0,10,e,4,28,28,0,3,13,1,1,3,3,1,0,2,755
10000005,4,0,3,8:58,NY,10006,1,0,10,e,4,28,28,0,3,13,0,0,3,2,0,0,2,730
10000005,5,0,3,8:58,NY,10006,1,0,10,e,4,28,28,0,3,13,0,0,3,2,0,0,2,731
10000005,6,1,3,9:09,NY,10006,1,0,10,e,4,28,28,0,3,13,0,0,3,2,0,0,2,731
10000007,1,0,4,8:35,PA,10008,1,0,11,c,NA,43,43,0,2,4,0,0,2,3,0,0,3,618
10000007,2,0,4,8:36,PA,10008,1,0,11,c,NA,43,43,0,2,4,0,0,2,3,0,0,1,616
10000007,3,0,4,8:36,PA,10008,1,0,11,c,NA,43,43,0,2,4,0,0,1,1,0,0,1,607
10000007,4,0,4,8:38,PA,10008,1,0,11,c,NA,43,43,0,2,4,0,0,1,1,0,0,1,607
10000007,5,0,4,8:39,PA,10008,1,0,11,c,NA,43,43,0,2,4,0,0,1,1,0,0,1,607
10000007,6,0,4,8:41,PA,10008,1,0,11,c,NA,43,43,0,2,4,0,0,2,2,0,0,1,605
10000007,7,0,4,8:43,PA,10008,1,0,11,c,NA,43,43,0,2,4,0,0,2,2,0,0,1,605
10000007,8,1,4,14:26,PA,10008,1,0,11,c,NA,43,43,0,2,4,0,0,1,2,0,0,1,602
10000013,1,0,2,16:31,WV,10014,2,1,3,d,3,62,60,1,3,3,1,1,3,2,1,2,3,629
10000013,2,0,2,16:32,WV,10014,2,1,3,d,3,62,60,1,3,3,1,1,3,2,1,2,3,620
10000013,3,0,2,16:36,WV,10014,2,1,3,d,3,62,60,1,3,3,1,1,3,2,1,1,3,627
10000013,4,1,4,9:31,WV,10014,2,1,3,d,3,62,60,1,3,3,1,1,3,2,1,1,3,626
10000014,1,0,4,16:30,MO,10015,1,0,5,d,3,32,28,1,1,2,1,1,3,3,0,2,2,604
10000014,2,0,4,16:31,MO,10015,1,0,5,d,3,32,28,1,1,2,2,1,1,1,0,2,2,585
10000014,3,0,4,16:32,MO,10015,1,0,5,d,3,32,28,1,1,2,1,1,1,1,0,2,2,603
10000014,4,0,4,16:35,MO,10015,1,0,5,d,3,32,28,1,1,2,1,1,1,1,0,2,2,603
10000014,5,0,4,16:43,MO,10015,1,0,5,d,3,32,28,1,1,2,1,1,1,1,0,2,2,603
10000014,6,1,1,17:50,MO,10015,1,0,5,d,3,32,28,1,1,2,1,1,1,1,0,2,2,614
10000016,1,0,2,13:34,OH,10017,1,0,6,d,NA,24,24,0,3,9,1,1,3,3,0,1,3,590
10000016,2,0,2,13:35,OH,10017,1,0,6,d,NA,24,24,0,3,9,2,1,3,3,1,3,3,584
10000016,3,0,2,13:35,OH,10017,1,0,6,d,NA,24,24,0,3,9,2,1,3,3,1,3,3,591
10000016,4,0,2,13:36,OH,10017,1,0,6,d,NA,24,24,0,3,9,2,1,3,3,1,3,3,591
10000016,5,0,2,13:39,OH,10017,1,0,6,d,NA,24,24,0,3,9,2,1,3,3,1,3,3,591
10000016,6,0,2,13:42,OH,10017,1,0,6,d,NA,24,24,0,3,9,2,1,3,3,1,3,3,591
10000016,7,0,2,13:43,OH,10017,1,0,6,d,NA,24,24,0,3,9,2,1,3,3,1,3,3,585
10000016,8,0,2,13:44,OH,10017,1,0,6,d,NA,24,24,0,3,9,2,1,3,3,1,3,3,591
10000016,9,0,2,13:47,OH,10017,1,0,6,d,NA,24,24,0,3,9,2,0,3,3,1,3,3,589
10000016,10,1,3,13:15,OH,10018,1,0,6,d,NA,24,24,0,3,9,2,0,3,3,0,3,3,597
10000019,1,0,1,8:16,OK,10021,1,0,7,d,NA,21,21,0,2,4,2,0,2,3,0,2,3,681
10000019,2,0,1,8:19,OK,10021,1,0,7,d,NA,21,21,0,2,4,2,0,2,3,0,2,3,681
10000019,3,0,1,9:09,OK,10021,1,0,7,d,NA,21,21,0,2,4,2,0,2,3,0,2,3,681
10000019,4,0,1,9:11,OK,10021,1,0,7,d,NA,21,21,0,2,4,2,0,2,3,0,2,3,681
10000019,5,0,1,9:32,OK,10021,1,0,7,d,NA,21,21,0,2,4,2,0,2,3,0,2,3,685
10000019,6,0,1,9:33,OK,10021,1,0,7,d,NA,21,21,0,2,4,2,0,2,3,0,2,3,685
10000019,7,0,1,9:34,OK,10021,1,0,7,d,NA,21,21,0,2,4,2,0,2,3,0,2,3,685
10000019,8,1,1,11:34,OK,10021,1,0,7,d,NA,21,21,0,2,4,2,1,2,3,1,2,3,705
10000023,1,0,0,12:16,PA,10025,1,1,2,f,3,31,31,0,1,13,1,1,3,3,1,1,2,659
10000023,2,0,0,12:16,PA,10025,1,1,2,f,3,31,31,0,1,13,1,1,3,3,1,1,2,627
10000023,3,0,0,12:17,PA,10025,1,1,2,f,3,31,31,0,1,13,1,1,1,3,1,1,2,615
10000023,4,0,0,12:18,PA,10025,1,1,2,f,3,31,31,0,1,13,1,1,1,3,1,1,2,615
10000023,5,0,0,14:14,PA,10025,1,1,2,f,3,31,31,0,1,13,1,1,1,3,1,1,2,615
10000023,6,0,0,14:15,PA,10025,2,1,2,f,3,31,31,0,1,13,1,1,1,3,1,1,2,622
10000023,7,1,1,14:32,PA,10025,1,1,2,f,3,63,63,0,1,13,1,1,1,3,1,1,2,607
10000025,1,0,0,15:06,OH,10027,2,1,15,d,2,52,17,0,3,0,1,0,3,3,0,1,3,648
10000025,2,0,0,15:06,OH,10027,2,1,15,d,2,52,17,0,3,0,0,0,1,3,0,0,3,584
10000025,3,0,0,15:07,OH,10027,2,1,15,d,2,52,17,0,3,0,0,0,1,3,0,0,3,601
10000025,4,0,0,15:08,OH,10027,2,1,15,d,2,52,17,0,3,0,0,0,1,1,0,0,3,600
10000025,5,0,0,15:10,OH,10027,2,1,15,d,2,52,17,0,3,0,0,0,1,1,0,0,3,600
10000025,6,0,0,15:16,OH,10027,2,1,15,d,2,52,17,0,3,0,0,0,1,1,0,0,3,600
10000025,7,1,0,15:26,OH,10027,2,1,15,d,2,52,17,0,3,0,0,0,1,1,0,0,3,604
10000026,1,0,1,9:09,OH,10028,2,1,5,d,3,59,57,1,3,1,1,0,3,3,0,2,3,556
10000026,2,0,1,9:09,OH,10028,2,1,5,d,3,59,57,1,3,1,1,0,3,3,0,2,3,556
10000026,3,0,1,9:10,OH,10028,2,1,5,d,3,59,57,1,3,1,1,1,3,3,1,2,3,572
10000026,4,1,3,15:24,OH,10028,2,1,5,d,3,59,57,1,3,1,1,1,3,3,1,2,3,578
10000027,1,0,0,9:11,IN,10029,1,0,17,d,4,50,50,0,2,1,0,0,1,1,0,0,2,575
10000027,2,0,0,9:12,IN,10029,1,0,17,d,4,50,50,0,2,1,1,0,2,2,0,2,2,676
10000027,3,0,0,9:13,IN,10029,1,0,17,d,4,50,50,0,2,1,0,0,2,2,0,0,2,598
10000027,4,0,0,9:14,IN,10029,1,0,17,d,4,50,50,0,2,1,1,0,2,2,0,2,2,689
10000027,5,0,0,9:15,IN,10029,1,0,17,d,4,50,50,0,2,1,0,0,2,2,0,0,2,609
10000027,6,1,2,8:03,IN,10029,1,0,17,e,4,50,50,0,2,1,0,0,2,2,0,0,1,605
10000028,1,0,5,15:46,FL,10030,2,1,1,d,1,44,20,0,1,2,1,0,1,1,0,2,3,696
10000028,2,0,5,15:47,FL,10030,2,1,1,d,1,44,20,0,1,2,2,0,1,3,0,2,3,692
10000028,3,0,5,15:48,FL,10030,2,1,1,d,1,44,20,0,1,2,2,0,1,3,0,2,3,692
10000028,4,0,5,15:49,FL,10030,2,1,1,d,1,44,20,0,1,2,1,0,1,3,0,2,3,696
10000028,5,0,5,15:50,FL,10030,2,1,1,d,1,44,20,0,1,2,1,0,1,3,0,2,3,696
10000028,6,1,6,11:44,FL,10030,2,1,1,d,1,44,20,0,1,2,1,0,1,3,0,2,3,703
10000031,1,0,4,18:20,OR,10033,1,0,15,e,NA,25,25,0,2,8,1,1,3,3,1,1,1,657
10000031,2,0,4,18:24,OR,10033,1,0,15,e,NA,25,25,0,2,8,1,1,1,1,0,1,2,654
10000031,3,0,4,18:34,OR,10033,1,0,15,e,NA,25,25,0,2,8,1,1,1,1,0,1,2,665
10000031,4,0,4,18:37,OR,10033,1,0,15,e,NA,25,25,0,2,8,1,1,1,1,0,1,2,665
10000031,5,0,4,18:39,OR,10033,1,0,15,e,NA,25,25,0,2,8,1,1,1,1,0,1,2,665
10000031,6,0,4,18:42,OR,10033,1,0,15,e,NA,25,25,0,2,8,1,1,1,1,0,1,2,665
10000031,7,0,4,18:43,OR,10033,1,0,15,e,NA,25,25,0,2,8,1,1,1,1,0,1,2,665
10000031,8,1,4,19:09,OR,10033,1,0,15,e,NA,25,25,0,2,8,1,1,1,1,0,1,2,665
10000032,1,0,0,18:15,OR,10034,1,1,12,e,3,29,29,0,4,14,1,1,3,3,0,1,2,594
10000032,2,0,0,18:15,OR,10034,1,1,12,e,3,29,29,0,4,14,2,1,3,3,0,3,2,585
10000032,3,0,0,18:18,OR,10034,1,1,12,e,3,29,29,0,4,14,2,1,3,3,0,3,3,603
10000032,4,0,0,18:19,OR,10034,1,1,12,e,3,29,29,0,4,14,2,1,3,3,0,3,3,603
10000032,5,0,0,18:26,OR,10034,1,1,12,e,3,29,29,0,4,14,1,1,3,3,0,2,3,610
10000032,6,0,0,18:27,OR,10034,1,1,12,e,3,29,29,0,4,14,2,1,3,3,0,3,3,603
10000032,7,1,1,18:37,OR,10034,1,0,12,e,3,29,29,0,4,14,1,1,3,3,0,2,3,606
10000033,1,0,0,17:40,WA,10035,1,1,8,d,NA,30,30,0,NA,NA,0,0,1,1,0,0,1,550
10000033,2,0,0,17:42,WA,10035,1,1,8,d,NA,30,30,0,NA,NA,0,0,1,1,0,0,2,551
10000033,3,0,0,17:42,WA,10035,1,1,8,d,3,30,30,0,1,5,0,0,1,1,0,0,2,583
10000033,4,0,0,17:44,WA,10035,1,1,8,d,3,30,30,0,1,5,1,0,1,1,0,2,2,610
10000033,5,0,0,17:45,WA,10035,1,1,8,d,3,30,30,0,1,5,1,0,1,1,0,2,2,620
10000033,6,0,0,17:52,WA,10035,1,1,8,d,3,30,30,0,1,5,1,0,1,1,0,2,2,620
10000033,7,1,0,18:31,WA,10035,1,1,8,d,3,30,30,0,1,5,2,0,1,1,0,1,2,603
10000034,1,0,3,9:32,OK,10036,1,1,8,g,3,61,61,0,3,3,2,0,2,2,0,2,2,610
10000034,2,0,3,9:33,OK,10036,1,1,8,g,3,61,61,0,3,3,2,0,2,3,0,2,4,613
10000034,3,0,3,9:37,OK,10036,1,1,8,g,3,61,61,0,3,3,2,1,2,3,0,2,4,608
10000034,4,0,3,9:37,OK,10036,1,1,8,g,3,61,61,0,3,3,2,1,2,3,0,2,4,612
10000034,5,0,3,9:41,OK,10036,1,1,8,g,3,61,61,0,3,3,2,1,2,3,0,2,2,600
10000034,6,0,3,9:43,OK,10036,1,1,8,g,3,61,61,0,3,3,2,1,2,3,0,2,2,600
10000034,7,1,2,9:40,OK,10036,1,1,8,g,3,61,61,0,3,3,2,1,2,3,0,2,2,600
10000036,1,0,0,11:19,FL,10038,2,1,26,c,1,60,56,1,3,15,1,1,3,3,1,2,3,605
10000036,2,0,0,11:20,FL,10038,2,1,26,c,1,60,56,1,3,15,1,1,3,3,1,2,3,605
10000036,3,0,0,11:21,FL,10038,2,1,26,c,1,60,56,1,3,15,0,1,3,3,0,2,3,568
10000036,4,0,0,13:15,FL,10038,2,1,26,c,1,60,56,1,3,15,0,1,3,3,0,2,3,568
10000036,5,0,0,13:16,FL,10038,2,1,26,c,1,60,56,1,3,15,0,1,3,3,0,2,3,568
10000036,6,0,0,13:18,FL,10038,2,1,26,c,1,60,56,1,3,15,0,1,3,3,0,2,3,568
10000036,7,0,0,13:19,FL,10038,2,1,26,c,1,60,56,1,3,15,0,1,3,3,0,2,3,568
10000036,8,0,0,13:19,FL,10038,2,1,26,c,1,60,56,1,3,15,0,1,3,3,0,2,3,574
10000036,9,0,0,13:22,FL,10038,2,1,26,c,1,60,56,1,3,15,0,1,3,3,0,2,3,574
10000036,10,0,0,13:40,FL,10038,2,1,26,c,1,60,56,1,3,15,0,1,3,3,0,2,3,574
10000036,11,1,0,13:56,FL,10038,2,1,26,c,1,60,56,1,3,15,1,1,3,3,0,2,3,577
10000037,1,0,5,9:29,PA,10039,1,1,1,g,4,58,58,0,1,3,2,0,1,1,1,3,2,765
10000037,2,0,5,9:32,PA,10039,1,1,1,g,4,58,58,0,1,5,2,0,1,1,1,3,2,642
10000037,3,0,5,9:32,PA,10039,1,1,1,g,4,58,58,0,1,5,2,0,1,1,1,3,2,642
10000037,4,0,5,9:34,PA,10039,1,1,1,g,4,58,58,0,1,5,2,0,1,1,1,3,2,652
10000037,5,0,5,9:38,PA,10039,1,1,1,g,4,58,58,0,1,5,2,0,1,1,1,3,2,652
10000037,6,1,1,13:07,PA,10039,2,1,1,g,4,58,24,0,1,5,1,0,1,2,1,2,2,694
10000038,1,0,2,15:47,WA,10040,1,0,7,d,NA,65,37,1,1,0,1,1,4,1,1,2,2,622
10000038,2,0,2,15:47,WA,10040,1,0,7,d,NA,65,37,1,1,0,1,1,4,1,1,2,2,671
10000038,3,0,2,15:49,WA,10040,1,0,7,d,NA,65,37,1,1,0,1,1,1,1,1,2,2,651
10000038,4,0,2,15:49,WA,10040,1,0,7,d,NA,65,37,1,1,0,1,1,1,1,1,2,2,654
10000038,5,0,2,15:51,WA,10040,1,0,7,d,NA,65,37,1,1,0,1,1,1,1,1,2,2,654
10000038,6,0,2,15:52,WA,10040,1,0,7,d,NA,65,37,1,1,0,1,1,1,1,1,2,2,654
10000038,7,1,2,16:00,WA,10040,1,0,7,d,NA,65,37,1,1,0,1,1,1,1,1,2,2,654
10000039,1,0,2,13:02,OH,10041,1,1,4,f,NA,49,49,0,2,4,1,1,3,3,1,2,3,641
10000039,2,0,2,13:05,OH,10041,1,1,4,f,NA,49,49,0,2,4,1,1,3,3,1,2,3,645
10000039,3,0,2,13:06,OH,10041,1,1,4,f,NA,49,49,0,2,4,1,1,3,3,1,2,3,643
10000039,4,0,2,13:08,OH,10041,1,1,4,f,NA,49,49,0,2,4,1,1,3,3,1,2,3,645
10000039,5,0,2,13:10,OH,10041,1,1,4,f,NA,49,49,0,2,4,1,1,3,3,1,2,3,649
10000039,6,0,2,13:11,OH,10041,1,1,4,f,NA,49,49,0,2,4,1,1,3,3,1,2,3,665
10000039,7,0,2,13:12,OH,10041,1,1,4,f,NA,49,49,0,2,4,1,1,3,3,1,2,3,649
10000039,8,0,2,13:12,OH,10041,1,1,4,f,NA,49,49,0,2,4,1,1,3,3,1,2,3,649
10000039,9,1,2,13:39,OH,10041,1,1,4,f,NA,49,49,0,2,4,1,1,3,3,1,2,3,646
10000040,1,0,2,11:48,KS,10042,1,1,6,e,NA,26,26,0,3,5,1,0,3,3,0,2,1,626
10000040,2,0,2,11:48,KS,10042,1,1,6,e,NA,26,26,0,3,5,1,0,3,3,0,2,1,616
10000040,3,0,2,11:49,KS,10042,1,1,6,e,NA,26,26,0,3,5,1,1,3,3,1,2,1,627
10000040,4,1,4,14:41,KS,10042,1,1,6,e,NA,26,26,0,3,5,1,1,3,3,1,2,1,627
10000041,1,0,4,10:17,PA,10043,1,1,14,,NA,56,56,0,1,4,1,1,2,3,1,1,2,702
10000041,2,0,4,10:18,PA,10043,1,1,14,,NA,56,56,0,1,4,0,1,1,1,0,0,2,563
10000041,3,0,4,10:19,PA,10043,1,1,14,d,NA,56,56,0,1,4,0,1,1,1,0,0,3,566
10000041,4,0,4,10:19,PA,10043,1,1,14,d,NA,56,56,0,1,4,0,1,1,1,0,0,3,566
10000041,5,0,4,10:24,PA,10043,1,1,14,d,NA,56,56,0,1,4,0,1,1,1,0,0,3,566
10000041,6,0,4,10:29,PA,10043,1,1,14,d,NA,56,56,0,1,4,0,1,1,1,0,0,3,566
10000041,7,0,4,10:30,PA,10043,1,1,14,d,NA,56,56,0,1,4,0,1,1,1,0,0,3,563
10000041,8,1,0,8:45,PA,10043,1,1,14,d,NA,56,56,0,1,4,0,1,1,1,0,0,3,563
10000042,1,0,0,11:08,FL,10044,3,0,9,e,3,65,17,1,3,15,1,1,3,3,1,1,4,693
10000042,2,0,0,11:09,FL,10044,3,0,9,e,3,65,17,1,3,15,1,1,3,3,1,1,3,701
10000042,3,0,0,11:10,FL,10044,3,0,9,e,3,65,17,1,3,15,1,1,3,3,1,1,3,701
10000042,4,1,0,11:14,FL,10044,3,0,9,e,3,65,17,1,3,15,1,1,3,3,1,1,3,701
10000043,1,0,4,9:03,NY,10045,1,1,3,f,2,51,51,0,3,4,1,0,3,3,0,0,2,598
10000043,2,0,4,9:13,NY,10045,1,1,3,f,2,51,51,0,3,4,1,0,3,3,1,0,2,603
10000043,3,0,4,9:14,NY,10045,1,1,3,f,2,51,51,0,3,4,1,0,3,3,1,0,2,603
10000043,4,0,4,9:18,NY,10045,1,1,3,f,2,51,51,0,3,4,1,0,3,3,1,0,2,596
10000043,5,0,4,9:22,NY,10045,1,1,3,f,2,51,51,0,3,4,1,0,3,3,1,0,2,596
10000043,6,0,4,9:23,NY,10045,1,1,3,f,2,51,51,0,3,4,1,0,3,3,0,0,2,598
10000043,7,1,2,10:47,NY,10045,1,1,3,f,2,51,51,0,3,4,1,0,3,3,0,0,2,598
10000047,1,0,0,14:14,OH,10049,1,1,6,e,3,24,24,0,4,6,1,0,4,3,0,1,3,594
10000047,2,0,0,14:15,OH,10049,1,1,6,e,3,24,24,0,4,6,1,0,3,3,1,1,3,591
10000047,3,0,0,14:16,OH,10049,1,1,6,e,3,24,24,0,4,6,1,0,3,3,1,1,3,601
10000047,4,0,0,14:19,OH,10049,1,1,6,e,3,24,24,0,4,6,1,0,3,3,1,1,3,594
10000047,5,0,0,14:23,OH,10049,1,1,6,e,3,24,24,0,4,6,1,0,3,3,1,1,3,594
10000047,6,0,0,14:24,OH,10049,1,1,6,e,3,24,24,0,4,6,1,0,3,3,1,1,3,598
10000047,7,0,0,14:26,OH,10049,1,1,6,e,3,24,24,0,4,6,1,0,3,3,1,1,3,598
10000047,8,1,0,14:32,OH,10049,1,1,6,e,3,24,24,0,4,6,1,0,3,3,1,1,3,598
10000048,1,0,0,10:33,OH,10050,1,1,10,h,NA,52,52,0,1,1,1,0,1,1,0,2,2,656
10000048,2,0,0,10:36,OH,10050,1,1,10,h,NA,52,52,0,1,1,0,0,1,1,0,0,3,559
10000048,3,0,0,11:34,OH,10050,1,1,10,h,NA,52,52,0,1,1,0,0,1,1,0,0,3,559
10000048,4,0,0,12:43,OH,10050,1,1,10,h,NA,52,52,0,1,1,0,0,1,1,0,0,3,559
10000048,5,0,0,13:13,OH,10050,1,1,10,h,NA,52,52,0,1,1,0,0,1,1,0,0,3,559
10000048,6,0,0,13:14,OH,10050,1,1,10,h,NA,52,52,0,1,1,0,0,1,1,0,0,3,559
10000048,7,0,0,13:15,OH,10050,1,1,10,h,NA,52,52,0,1,1,0,0,1,1,0,0,3,562
10000048,8,0,0,13:19,OH,10050,1,1,10,h,NA,52,52,0,1,1,0,0,1,1,0,0,3,562
10000048,9,1,0,13:23,OH,10050,1,1,10,h,NA,52,52,0,1,1,0,0,1,1,0,0,3,562
10000049,1,0,3,12:56,NV,10051,1,0,17,c,NA,43,43,0,3,7,1,1,1,2,1,2,2,670
10000049,2,0,3,12:56,NV,10051,1,0,17,c,NA,43,43,0,3,7,0,1,1,1,0,0,2,620
10000049,3,0,3,12:57,NV,10051,1,0,17,c,NA,43,43,0,3,7,0,1,1,1,0,0,2,625
10000049,4,0,3,13:00,NV,10051,1,0,17,c,NA,43,43,0,3,7,0,1,1,1,0,0,2,625
10000049,5,0,3,13:04,NV,10051,1,0,17,c,NA,43,43,0,3,7,0,1,1,1,0,0,2,618
10000049,6,0,3,13:07,NV,10051,1,0,17,c,NA,43,43,0,3,7,0,1,1,1,0,0,2,618
10000049,7,0,3,13:10,NV,10051,1,0,17,c,NA,43,43,0,3,7,0,1,1,1,0,0,2,618
10000049,8,0,3,13:12,NV,10051,1,0,17,c,NA,43,43,0,3,7,0,1,1,1,0,0,2,618
10000049,9,0,3,13:13,NV,10051,1,0,17,c,NA,43,43,0,3,7,0,1,1,1,0,0,2,599
10000049,10,1,3,13:56,NV,10051,1,0,17,c,NA,43,43,0,3,7,0,1,1,1,0,0,2,617
10000052,1,0,0,14:48,ID,10053,1,0,8,d,NA,24,24,0,3,3,2,1,3,3,1,0,3,606
10000052,2,0,0,14:49,ID,10053,1,0,8,d,NA,24,24,0,3,3,2,1,3,3,1,3,3,623
10000052,3,0,0,14:51,ID,10053,1,0,8,d,NA,24,24,0,3,3,2,1,3,3,1,3,3,623
10000052,4,0,0,14:51,ID,10053,1,0,8,d,NA,24,24,0,3,3,2,1,3,3,1,3,3,623
10000052,5,0,0,14:57,ID,10053,1,0,8,d,NA,24,24,0,3,3,2,1,3,3,1,3,3,623
10000052,6,0,0,14:58,ID,10053,1,1,8,d,1,24,24,0,3,3,2,1,3,3,1,3,3,604
10000052,7,0,0,14:59,ID,10053,1,1,8,d,1,24,24,0,3,3,2,1,3,3,1,3,3,604
10000052,8,1,0,18:25,ID,10053,1,1,8,d,1,24,24,0,3,3,2,1,3,3,1,3,3,604
10000054,1,0,2,14:45,FL,10055,2,1,7,f,1,75,75,1,1,3,1,0,1,1,0,2,2,655
10000054,2,0,2,14:46,FL,10055,2,1,7,f,1,75,75,1,1,3,1,0,1,1,0,2,2,645
10000054,3,1,2,9:05,FL,10055,2,1,7,f,1,75,75,1,1,3,1,1,1,2,1,2,3,614
10000055,1,0,3,14:03,CO,10056,1,1,9,e,4,75,75,0,4,11,1,1,3,3,0,2,2,635
10000055,2,0,3,14:04,CO,10056,1,1,9,e,4,75,75,0,4,11,1,1,4,3,0,2,2,638
10000055,3,0,3,14:05,CO,10056,1,1,9,e,4,75,75,0,4,15,1,1,4,3,0,2,2,638
10000055,4,0,3,14:05,CO,10056,1,1,9,e,4,75,75,0,4,15,1,1,4,3,0,2,2,638
10000055,5,0,3,14:06,CO,10056,1,1,9,e,4,75,75,0,4,15,1,1,4,3,0,2,2,638
10000055,6,0,3,14:15,CO,10056,1,1,9,e,4,75,75,0,4,15,1,1,4,3,0,2,2,638
10000055,7,1,4,17:58,CO,10056,1,1,9,e,4,75,75,0,4,15,2,1,4,3,0,1,2,634
10000057,1,0,2,9:44,CT,10058,1,1,8,e,NA,56,56,0,2,15,1,0,3,3,1,0,1,617
10000057,2,0,2,9:44,CT,10058,1,1,8,e,NA,56,56,0,2,15,1,0,3,3,1,0,2,621
10000057,3,0,2,9:45,CT,10058,1,1,8,e,NA,56,56,0,2,15,1,0,3,3,1,0,2,629
10000057,4,0,2,9:46,CT,10058,1,1,8,e,NA,56,56,0,2,15,1,0,3,3,1,0,2,629
10000057,5,0,2,9:50,CT,10058,1,1,8,e,NA,56,56,0,2,15,1,0,3,3,1,0,2,629
10000057,6,0,2,9:51,CT,10058,1,1,8,e,NA,56,56,0,2,15,1,0,3,3,1,0,2,629
10000057,7,0,2,9:56,CT,10058,1,1,8,e,NA,56,56,0,2,15,1,0,3,3,1,0,2,629
10000057,8,1,2,10:07,CT,10058,1,1,8,e,NA,56,56,0,2,15,1,0,3,3,1,0,2,648
10000059,1,0,2,14:16,NY,10060,1,0,5,e,3,42,42,0,3,2,2,1,3,2,1,0,2,713
10000059,2,0,2,14:17,NY,10060,1,0,5,e,3,42,42,0,3,2,2,1,3,2,1,0,2,713
10000059,3,0,2,14:18,NY,10060,1,0,5,e,3,42,42,0,3,2,2,1,3,3,1,0,2,713
10000059,4,0,2,14:19,NY,10060,1,0,5,e,3,42,42,0,3,2,2,1,3,3,1,0,2,713
10000059,5,0,2,14:21,NY,10060,1,0,5,e,3,42,42,0,3,2,2,1,3,3,1,0,2,723
10000059,6,0,2,14:25,NY,10060,1,0,5,e,3,42,42,0,3,2,2,1,3,3,1,0,1,719
10000059,7,1,2,15:37,NY,10060,1,0,5,e,3,42,42,0,3,2,2,1,3,3,1,0,1,721
10000060,1,0,3,14:03,CO,10061,1,0,11,f,NA,41,41,0,NA,NA,0,0,1,1,0,0,2,582
10000060,2,0,3,14:04,CO,10061,1,0,11,f,NA,41,41,0,NA,NA,0,0,1,1,0,0,2,582
10000060,3,0,3,14:06,CO,10061,1,0,11,f,NA,41,41,0,NA,NA,0,0,1,1,0,0,2,582
10000060,4,0,3,14:09,CO,10061,1,0,11,f,NA,41,41,0,1,0,0,0,1,1,0,0,1,607
10000060,5,0,3,14:11,CO,10061,1,0,11,f,NA,41,41,0,1,0,0,0,1,1,0,0,2,614
10000060,6,0,3,14:17,CO,10061,1,0,11,f,NA,41,41,0,NA,NA,0,0,1,1,0,0,2,602
10000060,7,0,3,15:04,CO,10061,1,0,11,f,NA,41,41,0,NA,NA,0,0,1,1,0,0,2,602
10000060,8,0,3,15:05,CO,10061,1,0,11,f,NA,41,41,0,NA,NA,0,0,2,2,0,0,2,658
10000060,9,1,5,16:38,CO,10061,1,0,11,f,NA,41,41,0,1,0,1,0,1,1,0,2,2,630
10000061,1,0,3,18:32,NV,10062,1,1,14,f,NA,43,43,0,1,10,0,0,1,1,0,0,3,586
10000061,2,0,3,18:35,NV,10062,1,1,14,f,NA,43,43,0,1,10,2,1,1,1,1,2,3,639
10000061,3,0,3,18:37,NV,10062,1,1,14,f,NA,43,43,0,1,10,2,1,1,1,1,2,3,639
10000061,4,0,3,18:49,NV,10062,1,1,14,f,NA,43,43,0,1,10,2,1,1,1,1,2,3,639
10000061,5,0,3,18:50,NV,10062,1,1,14,f,NA,43,43,0,1,10,2,1,1,1,1,2,3,649
10000061,6,1,4,19:30,NV,10062,1,1,14,f,NA,43,43,0,1,10,2,1,1,1,1,2,3,641
10000062,1,0,2,9:07,FL,10063,1,1,2,f,1,43,43,0,3,3,1,1,1,2,1,1,3,637
10000062,2,0,2,9:08,FL,10063,1,1,2,f,1,43,43,0,3,3,1,1,3,2,1,1,3,655
10000062,3,0,2,9:08,FL,10063,1,1,2,f,1,43,43,0,3,3,1,1,3,2,1,1,3,655
10000062,4,0,2,9:13,FL,10063,1,1,2,f,1,43,43,0,3,3,1,1,1,2,1,1,3,645
10000062,5,0,2,9:13,FL,10063,1,1,2,f,1,43,43,0,3,3,1,1,1,2,1,1,3,645
10000062,6,1,2,11:04,FL,10063,1,1,2,f,1,43,43,0,3,3,1,1,3,2,1,1,3,670
10000063,1,0,0,11:42,CO,10064,1,0,2,g,NA,21,21,0,3,1,2,0,3,3,0,3,4,650
10000063,2,0,0,11:44,CO,10064,1,0,2,g,NA,21,21,0,3,1,2,0,3,3,0,3,3,650
10000063,3,0,0,11:45,CO,10064,1,0,2,g,NA,21,21,0,3,1,2,0,3,3,0,3,3,702
10000063,4,0,0,11:46,CO,10064,1,0,2,g,NA,21,21,0,3,1,2,0,3,3,0,3,3,706
10000063,5,0,0,11:48,CO,10064,1,0,2,g,NA,21,21,0,3,1,2,0,3,3,0,3,3,706
10000063,6,0,0,11:48,CO,10064,1,0,2,g,NA,21,21,0,3,1,2,0,3,3,0,3,3,706
10000063,7,1,0,12:16,CO,10064,1,0,2,g,NA,21,21,0,3,1,2,0,3,3,0,3,3,706
10000064,1,0,2,14:09,PA,10065,1,0,13,f,NA,18,18,0,NA,NA,0,0,2,1,0,0,2,729
10000064,2,0,2,14:13,PA,10065,1,0,13,f,NA,18,18,0,NA,NA,0,0,2,1,0,0,2,729
10000064,3,0,2,14:16,PA,10065,1,0,13,f,NA,18,18,0,NA,NA,0,0,2,1,0,0,2,735
10000064,4,1,3,14:03,PA,10065,1,0,13,f,NA,18,18,0,3,4,0,0,2,2,0,0,2,666
10000066,1,0,2,14:30,AL,10067,1,1,5,f,4,68,68,0,3,9,1,0,3,3,0,2,2,611
10000066,2,0,2,14:31,AL,10067,1,1,5,f,4,68,68,0,3,9,1,0,3,3,0,2,2,602
10000066,3,1,4,12:47,AL,10067,1,1,5,f,4,68,68,0,3,10,1,0,3,3,0,2,2,613
10000068,1,0,0,10:53,NY,10069,1,1,6,e,2,25,25,0,3,9,1,0,3,3,0,0,2,580
10000068,2,0,0,10:53,NY,10069,1,1,6,e,2,25,25,0,3,9,1,0,3,3,0,0,2,593
10000068,3,0,0,10:54,NY,10069,1,1,6,e,2,25,25,0,3,9,1,0,3,3,0,0,2,587
10000068,4,0,0,10:55,NY,10069,1,1,6,e,2,25,25,0,3,9,1,0,3,3,0,0,2,592
10000068,5,1,0,13:32,NY,10069,1,1,6,e,2,25,25,0,3,9,1,0,3,3,0,0,2,588
10000069,1,0,3,16:54,AR,10070,2,0,20,f,NA,51,47,1,4,0,0,0,2,2,0,2,3,624
10000069,2,0,3,16:55,AR,10070,2,0,20,f,NA,51,47,1,4,0,0,0,2,2,0,2,1,623
10000069,3,0,3,17:05,AR,10070,2,0,20,f,NA,51,47,1,4,0,0,1,2,2,0,2,1,624
10000069,4,0,3,17:07,AR,10070,2,0,20,f,NA,51,47,1,4,0,0,1,2,2,0,2,1,624
10000069,5,0,3,17:16,AR,10070,2,0,20,f,NA,51,47,1,4,0,0,1,2,2,0,2,1,624
10000069,6,1,3,17:17,AR,10070,2,0,20,f,NA,51,47,1,4,0,0,1,2,2,0,2,1,624
10000072,1,0,0,15:21,NM,10073,1,1,2,g,NA,26,26,0,1,2,0,0,1,1,0,0,4,587
10000072,2,0,0,15:21,NM,10073,1,1,2,g,NA,26,26,0,1,2,2,0,1,1,0,2,2,665
10000072,3,0,0,15:22,NM,10073,1,1,2,g,NA,26,26,0,1,2,2,0,1,1,0,2,2,671
10000072,4,0,0,15:23,NM,10073,1,1,2,g,NA,26,26,0,1,2,2,0,1,1,0,2,2,662
10000072,5,0,0,15:28,NM,10073,1,1,2,g,NA,26,26,0,1,2,2,0,1,1,0,2,2,662
10000072,6,0,0,18:26,NM,10073,1,1,2,g,NA,26,26,0,1,2,2,0,1,1,0,2,2,662
10000072,7,1,1,16:12,NM,10073,1,1,2,g,NA,26,26,0,1,2,2,0,1,1,0,2,2,662
10000075,1,0,4,13:17,MS,10075,1,0,4,f,3,23,23,0,1,8,0,0,1,1,0,0,4,605
10000075,2,0,4,13:25,MS,10075,1,0,4,h,3,23,23,0,1,8,1,0,1,1,0,2,2,704
10000075,3,0,4,13:26,MS,10075,1,0,4,h,3,23,23,0,1,8,1,0,1,1,0,2,2,696
10000075,4,0,4,13:27,MS,10075,1,0,4,h,3,23,23,0,1,8,1,0,1,1,0,2,2,704
10000075,5,1,1,10:49,MS,10075,1,0,4,h,3,24,24,0,4,8,2,1,1,1,0,2,2,696
10000076,1,0,0,14:40,CT,10076,1,0,14,f,NA,69,27,0,3,0,0,0,1,1,0,0,2,627
10000076,2,0,0,14:41,CT,10076,1,0,14,f,NA,69,27,0,3,0,1,0,3,3,1,0,1,713
10000076,3,0,0,14:43,CT,10076,1,0,14,f,NA,69,27,0,3,0,1,0,1,1,1,0,1,702
10000076,4,0,0,14:44,CT,10076,1,0,14,f,NA,69,27,0,3,0,2,0,1,1,1,0,1,691
10000076,5,0,0,15:29,CT,10076,1,0,14,f,NA,69,27,0,3,0,2,0,1,1,1,0,1,691
10000076,6,0,0,15:31,CT,10076,1,0,14,f,NA,69,27,0,3,0,2,0,1,1,1,0,1,691
10000076,7,0,0,15:32,CT,10076,1,0,14,f,NA,69,27,0,3,0,2,0,1,1,1,0,2,767
10000076,8,1,0,15:59,CT,10076,1,0,14,f,NA,27,27,0,3,0,2,0,1,1,1,0,2,699
10000077,1,0,4,14:53,KS,10077,1,0,2,e,NA,32,32,0,3,10,2,0,1,1,0,3,2,590
10000077,2,0,4,14:56,KS,10077,1,0,2,e,NA,32,32,0,3,10,2,0,2,3,0,3,2,593
10000077,3,0,4,15:00,KS,10077,1,0,2,e,NA,32,32,0,3,10,2,0,2,3,0,3,2,593
10000077,4,0,4,15:00,KS,10077,1,0,2,e,NA,32,32,0,3,10,1,0,3,3,0,1,2,615
10000077,5,0,4,15:01,KS,10077,1,0,2,e,NA,32,32,0,3,10,1,0,3,3,0,1,2,615
10000077,6,0,4,15:02,KS,10077,1,0,2,e,NA,32,32,0,3,10,1,0,3,3,1,1,2,613
10000077,7,0,4,15:05,KS,10077,1,0,2,e,NA,32,32,0,3,10,1,0,3,3,0,1,2,599
10000077,8,0,4,15:13,KS,10077,1,0,2,e,NA,32,32,0,3,10,1,0,3,3,0,1,2,599
10000077,9,1,4,15:37,KS,10077,1,0,2,e,NA,32,32,0,3,10,1,0,3,3,0,1,2,599
10000078,1,0,4,15:04,FL,10078,2,1,8,d,1,52,46,1,1,15,0,0,1,2,0,0,2,667
10000078,2,0,4,15:05,FL,10078,2,1,8,d,1,52,46,1,1,15,0,0,1,2,0,0,3,585
10000078,3,0,4,15:09,FL,10078,2,1,8,d,1,52,46,1,1,15,0,0,1,2,0,0,3,591
10000078,4,0,4,15:13,FL,10078,2,1,8,d,1,52,46,1,1,15,0,0,1,2,0,0,3,592
10000078,5,1,4,15:20,FL,10078,2,1,8,d,1,52,46,1,1,15,0,0,1,2,0,0,3,592
10000079,1,0,0,10:39,NM,10079,1,1,2,e,4,38,38,0,3,15,0,0,1,1,0,0,4,542
10000079,2,0,0,10:40,NM,10079,1,1,2,e,4,38,38,0,3,15,1,0,3,3,0,1,2,631
10000079,3,0,0,10:42,NM,10079,1,1,2,e,4,38,38,0,3,15,1,0,3,3,0,1,2,627
10000079,4,0,0,10:47,NM,10079,1,1,2,e,4,38,38,0,3,15,1,0,3,3,0,1,2,627
10000079,5,0,0,10:48,NM,10079,1,1,2,e,4,38,38,0,3,15,1,0,3,3,0,1,2,627
10000079,6,0,0,10:49,NM,10079,1,1,2,e,4,38,38,0,3,15,1,0,3,3,0,1,2,627
10000079,7,1,0,10:54,NM,10079,1,1,2,e,4,38,38,0,3,15,1,0,3,3,0,1,2,627
10000080,1,0,1,7:50,FL,10080,1,1,4,f,3,43,43,0,4,5,1,0,3,3,0,1,3,638
10000080,2,0,1,7:52,FL,10080,1,1,4,f,3,43,43,0,4,5,1,0,4,3,0,1,4,671
10000080,3,0,1,7:52,FL,10080,1,1,4,f,3,43,43,0,4,5,1,0,4,3,0,1,4,671
10000080,4,1,4,10:31,FL,10080,1,1,2,e,3,43,43,0,4,4,1,0,4,3,0,1,4,676
10000082,1,0,5,10:59,NY,10082,1,0,1,f,3,24,24,0,3,2,1,1,3,3,1,0,2,734
10000082,2,0,5,11:01,NY,10082,1,0,1,f,3,24,24,0,3,2,2,0,3,3,0,0,2,728
10000082,3,0,5,11:01,NY,10082,1,0,1,f,3,24,24,0,3,2,2,0,3,3,0,0,1,725
10000082,4,0,5,11:05,NY,10082,1,0,1,f,3,24,24,0,3,2,2,0,3,3,0,0,1,725
10000082,5,0,5,11:11,NY,10082,1,0,1,f,3,24,24,0,3,2,2,0,3,3,0,0,1,725
10000082,6,0,5,11:13,NY,10082,1,0,1,f,3,24,24,0,3,2,2,0,3,3,0,0,1,725
10000082,7,0,5,11:20,NY,10082,1,0,1,f,3,24,24,0,3,2,2,0,3,3,0,0,1,725
10000082,8,0,5,11:21,NY,10082,1,0,1,f,3,24,24,0,3,2,2,0,3,3,0,0,1,725
10000082,9,1,5,12:04,NY,10082,1,0,1,f,3,24,24,0,3,2,2,0,3,3,0,0,2,729
10000084,1,0,4,15:22,CT,10084,1,0,1,e,3,22,22,0,4,1,1,0,3,3,1,0,1,644
10000084,2,0,4,15:23,CT,10084,1,0,1,e,3,22,22,0,4,1,1,0,3,3,1,0,1,644
10000084,3,0,4,15:24,CT,10084,1,0,1,e,3,22,22,0,4,1,1,0,3,3,1,0,1,655
10000084,4,0,4,15:25,CT,10084,1,0,1,e,3,22,22,0,4,1,1,0,3,3,0,0,1,652
10000084,5,0,4,15:26,CT,10084,1,0,1,e,3,22,22,0,4,1,1,0,3,3,0,0,1,641
10000084,6,0,4,15:29,CT,10084,1,0,1,e,3,22,22,0,4,1,1,0,3,3,0,0,1,645
10000084,7,0,4,15:30,CT,10084,1,0,1,e,3,22,22,0,4,1,1,0,3,3,0,0,1,645
10000084,8,0,4,15:36,CT,10084,1,0,1,e,3,22,22,0,4,1,1,0,3,3,0,0,2,836
10000084,9,1,4,16:17,CT,10084,1,0,1,e,3,22,22,0,4,1,1,0,3,3,0,0,1,670
10000086,1,0,1,8:58,MD,10086,1,0,6,d,2,37,37,0,3,4,0,0,1,1,0,0,4,613
10000086,2,0,1,8:59,MD,10086,1,0,6,d,2,37,37,0,3,4,0,0,3,3,0,0,2,606
10000086,3,0,1,8:59,MD,10086,1,0,6,d,2,37,37,0,3,4,0,0,3,3,0,0,2,609
10000086,4,0,1,9:01,MD,10086,1,0,6,d,2,37,37,0,3,4,0,0,3,3,0,0,2,609
10000086,5,0,1,9:02,MD,10086,1,0,6,d,2,37,37,0,3,4,0,0,3,3,0,0,2,609
10000086,6,0,1,9:05,MD,10086,1,0,6,d,2,37,37,0,3,4,1,1,3,3,1,2,2,653
10000086,7,0,1,9:06,MD,10086,1,0,6,d,2,37,37,0,3,4,1,1,3,3,1,2,2,653
10000086,8,1,1,15:35,MD,10086,2,0,6,d,2,39,37,1,3,4,1,1,3,3,1,2,2,654
10000088,1,0,1,12:37,RI,10088,1,0,9,f,2,59,59,0,2,4,0,0,1,1,0,0,1,525
10000088,2,0,1,12:38,RI,10088,1,0,9,f,2,59,59,0,2,4,0,0,2,2,0,0,1,545
10000088,3,1,3,8:51,RI,10088,1,0,9,f,2,59,59,0,2,4,0,0,2,2,0,0,2,549
10000091,1,0,4,11:15,FL,10091,1,1,1,e,1,51,51,0,1,11,1,1,1,1,1,2,2,702
10000091,2,0,4,11:16,FL,10091,1,1,1,e,1,51,51,0,1,11,1,1,1,1,1,2,3,629
10000091,3,0,4,11:18,FL,10091,1,1,1,e,1,51,51,0,1,11,1,1,1,1,1,2,3,627
10000091,4,0,4,11:19,FL,10091,1,1,1,e,1,51,51,0,1,11,1,1,1,1,1,2,3,631
10000091,5,0,4,11:20,FL,10091,1,1,1,e,1,51,51,0,1,11,1,1,1,1,1,2,3,631
10000091,6,0,4,11:21,FL,10091,1,1,1,e,1,51,51,0,1,11,1,1,1,1,1,1,3,632
10000091,7,0,4,11:24,FL,10091,1,1,1,e,1,51,51,0,1,11,1,0,1,1,1,1,3,631
10000091,8,0,4,11:25,FL,10091,1,1,1,e,1,51,51,0,1,11,0,0,1,1,0,0,3,586
10000091,9,0,4,11:26,FL,10091,1,1,1,e,1,51,51,0,1,11,1,0,1,1,1,1,3,631
10000091,10,1,4,14:08,FL,10091,1,1,1,e,1,51,51,0,1,11,1,0,1,1,1,1,3,630
10000092,1,0,0,16:18,NV,10092,1,0,8,g,NA,39,36,1,1,0,1,0,1,1,1,2,2,731
10000092,2,0,0,16:20,NV,10092,1,0,8,g,NA,39,36,1,1,0,1,0,1,1,0,2,2,733
10000092,3,0,0,16:23,NV,10092,1,0,8,g,NA,39,36,1,1,3,1,0,1,1,0,2,1,683
10000092,4,0,0,16:24,NV,10092,1,0,8,g,NA,39,36,1,1,3,1,0,1,1,0,2,1,683
10000092,5,0,0,16:31,NV,10092,1,0,8,g,NA,39,36,1,1,3,1,0,1,1,0,2,1,683
10000092,6,0,0,16:33,NV,10092,1,0,8,g,NA,39,36,1,1,3,1,0,1,1,0,2,1,683
10000092,7,0,0,16:38,NV,10092,1,0,8,g,NA,39,36,1,NA,NA,1,0,1,1,0,2,2,738
10000092,8,0,0,16:39,NV,10092,1,0,8,g,NA,39,36,1,1,0,1,0,1,1,0,2,2,738
10000092,9,0,0,16:43,NV,10092,1,0,8,g,NA,39,36,1,1,1,1,0,1,1,0,2,1,704
10000092,10,1,0,17:39,NV,10092,1,0,8,g,NA,39,36,1,1,3,1,0,1,1,0,2,1,683
10000094,1,0,0,10:48,NM,10094,2,1,1,g,2,60,53,1,4,7,1,1,2,3,1,1,1,603
10000094,2,0,0,10:49,NM,10094,2,1,1,g,2,60,53,1,4,7,1,1,4,3,0,1,1,590
10000094,3,0,0,10:50,NM,10094,2,1,1,g,2,60,53,1,4,7,1,1,4,3,0,1,3,596
10000094,4,0,0,10:51,NM,10094,2,1,1,g,2,60,53,1,4,7,1,1,4,3,0,1,3,600
10000094,5,0,0,10:57,NM,10094,2,1,1,g,2,60,53,1,4,7,1,1,4,3,0,1,3,596
10000094,6,0,0,10:57,NM,10094,2,1,1,g,2,60,53,1,4,7,1,1,4,3,0,1,3,596
10000094,7,0,0,10:59,NM,10094,2,1,1,g,2,60,53,1,4,7,1,1,4,3,0,1,3,596
10000094,8,0,0,10:59,NM,10094,2,1,1,g,2,60,53,1,4,7,1,1,4,3,0,1,3,596
10000094,9,1,2,9:26,NM,10094,2,1,1,g,2,60,53,1,4,7,1,1,4,3,0,1,3,596
10000095,1,0,4,17:48,UT,10095,1,0,13,,NA,23,23,0,NA,NA,0,0,1,1,0,0,2,599
10000095,2,0,4,17:49,UT,10095,1,0,13,,NA,23,23,0,NA,NA,0,1,1,1,0,0,2,612
10000095,3,1,2,12:00,UT,10095,1,0,13,f,NA,23,23,0,NA,NA,0,0,1,1,0,0,1,589
10000096,1,0,1,17:27,OR,10096,1,0,1,h,4,55,55,0,2,6,1,1,3,3,1,2,2,627
10000096,2,0,1,17:31,OR,10096,1,0,1,h,4,55,55,0,2,6,1,0,3,3,1,2,2,626
10000096,3,0,1,17:32,OR,10096,1,0,1,h,4,55,55,0,2,6,1,0,3,3,1,2,1,623
10000096,4,0,1,17:39,OR,10096,1,0,1,h,4,55,55,0,2,4,1,0,3,3,1,2,1,630
10000096,5,0,1,17:40,OR,10096,1,0,1,h,4,55,55,0,2,6,1,0,3,3,1,2,1,623
10000096,6,1,1,18:02,OR,10096,1,0,1,h,4,55,55,0,2,5,1,0,3,3,1,2,1,630
10000097,1,0,0,15:58,NM,10097,2,0,2,e,NA,43,37,0,1,6,0,0,1,1,0,0,4,557
10000097,2,0,0,16:00,NM,10097,2,0,2,e,NA,43,37,0,1,6,1,0,1,2,0,2,2,658
10000097,3,0,0,16:01,NM,10097,2,1,2,e,NA,43,37,0,1,6,1,0,1,2,0,2,2,640
10000097,4,0,0,16:03,NM,10097,2,1,2,e,NA,43,37,0,1,6,1,0,1,2,0,2,2,640
10000097,5,0,0,16:05,NM,10097,2,1,2,e,NA,43,37,0,1,6,1,0,1,2,0,2,2,640
10000097,6,0,0,16:06,NM,10097,2,1,2,e,NA,43,37,0,1,6,1,0,1,2,0,2,2,640
10000097,7,0,0,16:07,NM,10097,2,1,2,e,NA,43,37,0,1,6,1,0,1,2,0,2,2,640
10000097,8,1,0,16:11,NM,10097,2,1,2,e,NA,43,37,0,1,6,1,0,1,2,0,2,2,640
10000098,1,0,2,16:55,ID,10098,1,0,2,f,4,28,28,0,3,1,0,0,2,2,0,2,2,580
10000098,2,0,2,16:56,ID,10098,1,0,2,f,4,28,28,0,3,1,1,0,3,3,0,2,3,659
10000098,3,1,1,12:13,ID,10098,1,0,2,f,4,28,28,0,3,1,1,1,3,3,1,2,3,687
10000100,1,0,3,7:41,FL,10100,1,0,1,e,1,23,23,0,3,0,1,1,3,3,1,2,3,674
10000100,2,0,3,7:41,FL,10100,1,0,1,e,1,23,23,0,3,0,1,1,3,3,1,2,3,674
10000100,3,0,3,7:42,FL,10100,1,0,1,e,1,23,23,0,3,0,1,1,3,3,1,2,3,674
10000100,4,0,3,7:43,FL,10100,1,0,1,e,1,23,23,0,3,0,1,1,3,3,1,2,3,690
10000100,5,0,3,7:44,FL,10100,1,0,1,e,1,23,23,0,3,0,1,1,3,3,1,2,3,684
10000100,6,0,3,7:49,FL,10100,1,0,1,e,1,23,23,0,3,0,1,1,3,3,1,1,3,682
10000100,7,0,3,8:21,FL,10100,1,0,1,e,1,23,23,0,3,0,1,1,3,3,1,1,3,682
10000100,8,0,3,8:22,FL,10100,1,0,1,e,1,23,23,0,3,0,1,1,3,3,1,1,3,682
10000100,9,1,3,8:34,FL,10100,1,0,1,e,1,23,23,0,3,0,1,1,3,3,1,1,3,682
10000103,1,0,0,11:35,PA,10103,1,1,1,f,3,75,75,0,3,4,1,0,4,3,1,2,3,582
10000103,2,0,0,11:36,PA,10103,1,1,1,f,3,75,75,0,4,4,1,0,4,3,1,2,3,585
10000103,3,0,0,11:37,PA,10103,1,1,1,f,3,75,75,0,4,4,1,0,4,3,1,2,3,585
10000103,4,0,0,14:11,PA,10103,1,1,1,f,3,75,75,0,4,6,1,0,4,3,1,2,3,585
10000103,5,0,0,16:25,PA,10103,1,1,1,f,3,75,75,0,4,6,1,0,4,3,1,2,3,585
10000103,6,1,3,8:36,PA,10103,1,1,1,f,3,75,75,0,4,10,2,0,4,3,1,2,3,575
10000104,1,0,0,11:23,PA,10104,1,1,10,g,2,71,71,0,3,4,0,0,3,2,0,0,4,597
10000104,2,0,0,11:24,PA,10104,1,1,10,g,2,71,71,0,3,4,1,0,3,3,1,1,3,620
10000104,3,0,0,11:25,PA,10104,1,1,10,g,2,71,71,0,3,4,1,0,3,3,1,1,3,620
10000104,4,1,3,9:31,PA,10104,1,1,10,g,2,71,71,0,3,4,1,0,3,3,1,1,3,616
10000105,1,0,1,15:02,ME,10105,1,0,11,g,3,20,20,0,3,5,1,0,3,2,0,1,2,652
10000105,2,0,1,15:03,ME,10105,1,0,11,g,3,20,20,0,3,5,1,0,3,2,0,1,2,652
10000105,3,0,1,15:17,ME,10105,1,0,11,g,3,20,20,0,3,5,1,0,3,2,0,1,2,652
10000105,4,0,1,15:18,ME,10105,1,0,11,g,3,20,20,0,3,5,1,0,3,2,0,1,2,653
10000105,5,0,1,15:28,ME,10105,1,0,11,g,3,50,20,0,3,5,1,0,3,2,0,1,2,653
10000105,6,0,1,15:29,ME,10105,1,0,11,g,3,50,20,0,3,5,1,0,3,2,0,1,2,653
10000105,7,0,1,15:31,ME,10105,1,0,11,g,3,50,20,0,3,5,1,0,3,2,0,1,2,662
10000105,8,1,2,9:47,ME,10105,1,0,11,g,3,20,20,0,3,5,1,0,3,2,0,1,2,653
10000107,1,0,0,13:06,PA,10107,1,0,12,e,4,41,41,0,3,2,1,0,1,2,1,1,2,609
10000107,2,0,0,13:07,PA,10107,1,0,12,e,4,41,41,0,3,2,1,0,1,2,1,1,2,593
10000107,3,0,0,13:07,PA,10107,1,0,12,e,4,41,41,0,3,2,1,1,1,2,1,2,2,589
10000107,4,0,0,13:08,PA,10107,1,0,12,e,4,41,41,0,3,2,1,1,1,2,1,2,3,599
10000107,5,0,0,13:09,PA,10107,1,0,12,e,4,41,41,0,3,2,1,1,1,2,1,2,3,597
10000107,6,0,0,13:10,PA,10107,1,0,12,e,4,41,41,0,3,2,1,1,1,2,1,2,3,602
10000107,7,1,1,12:38,PA,10107,1,0,12,f,4,41,41,0,3,2,1,1,1,2,1,2,3,608
10000108,1,0,2,8:32,TN,10108,1,0,11,g,3,21,21,0,3,1,1,0,3,3,0,1,2,761
10000108,2,0,2,8:33,TN,10108,1,0,11,g,3,21,21,0,3,1,0,0,2,3,0,0,2,654
10000108,3,0,2,8:36,TN,10108,1,0,11,g,3,21,21,0,3,1,0,0,2,3,0,0,2,651
10000108,4,0,2,8:38,TN,10108,1,0,11,g,3,21,21,0,3,1,0,0,2,3,0,0,2,651
10000108,5,0,2,8:39,TN,10108,1,0,11,g,3,21,21,0,3,1,0,0,2,3,0,0,2,651
10000108,6,0,2,8:40,TN,10108,1,0,11,g,3,21,21,0,3,1,0,0,2,3,0,0,2,651
10000108,7,0,2,8:41,TN,10108,1,0,11,g,3,21,21,0,3,1,0,0,2,3,0,0,2,651
10000108,8,0,2,8:46,TN,10108,1,0,11,g,3,21,21,0,3,1,0,0,2,3,0,0,2,651
10000108,9,1,4,9:51,TN,10108,1,0,11,g,3,21,21,0,3,5,1,0,2,3,0,1,1,692
10000111,1,0,4,15:01,FL,10111,1,1,10,f,2,22,22,0,3,8,1,0,1,2,1,2,3,631
10000111,2,0,4,15:06,FL,10111,1,1,10,f,2,22,22,0,3,8,1,1,3,3,0,2,3,648
10000111,3,0,4,15:07,FL,10111,1,1,10,f,2,22,22,0,3,8,1,1,3,3,0,2,3,659
10000111,4,0,4,15:08,FL,10111,1,1,10,f,2,22,22,0,3,8,1,1,1,2,0,2,3,637
10000111,5,0,4,15:14,FL,10111,1,1,10,f,2,22,22,0,3,8,1,1,1,2,0,2,3,632
10000111,6,1,4,12:43,FL,10111,1,1,10,f,2,22,22,0,3,8,1,1,3,3,0,2,3,657
10000112,1,0,2,10:57,TN,10112,1,1,3,f,3,41,41,0,NA,NA,0,0,1,1,0,0,2,530
10000112,2,0,2,10:58,TN,10112,1,1,3,f,3,41,41,0,NA,NA,0,0,1,1,0,0,2,530
10000112,3,0,2,11:02,TN,10112,1,1,3,f,3,41,41,0,NA,NA,1,0,4,3,1,1,3,670
10000112,4,0,2,11:03,TN,10112,1,1,3,f,3,41,41,0,NA,NA,1,0,4,3,1,1,3,670
10000112,5,0,2,11:19,TN,10112,1,1,3,f,3,41,41,0,NA,NA,1,0,4,3,1,1,3,670
10000112,6,0,2,11:20,TN,10112,1,1,3,f,3,41,41,0,NA,NA,1,0,4,3,1,1,3,670
10000112,7,1,2,11:28,TN,10112,1,1,3,f,3,41,41,0,NA,NA,1,0,4,3,1,1,3,688
10000113,1,0,1,11:20,KS,10113,1,0,15,f,2,55,55,0,3,15,1,0,3,3,1,1,1,591
10000113,2,0,1,11:23,KS,10113,1,0,15,f,2,55,55,0,3,15,1,0,3,3,1,1,1,598
10000113,3,0,1,11:25,KS,10113,1,0,15,f,2,55,55,0,3,15,1,0,3,3,1,1,1,598
10000113,4,0,1,11:29,KS,10113,1,0,15,f,2,55,55,0,3,15,1,0,3,3,1,1,1,598
10000113,5,1,3,17:03,KS,10113,1,0,15,f,2,55,55,0,3,15,1,1,3,3,1,1,2,600
10000115,1,0,2,14:55,CO,10115,2,1,11,g,NA,37,36,1,NA,NA,1,0,3,3,0,2,1,592
10000115,2,0,2,15:03,CO,10115,2,1,11,g,NA,37,36,1,NA,NA,1,0,3,2,0,0,1,578
10000115,3,0,2,15:04,CO,10115,2,1,11,g,NA,37,36,1,NA,NA,1,0,3,2,0,0,1,556
10000115,4,0,2,15:08,CO,10115,2,1,11,g,3,37,36,1,2,9,1,0,3,2,0,0,1,558
10000115,5,0,2,15:09,CO,10115,2,1,11,g,3,37,36,1,2,9,1,0,3,2,0,0,1,558
10000115,6,1,2,17:25,CO,10115,2,1,11,g,3,37,36,1,2,9,1,0,3,2,0,0,1,558
10000116,1,0,4,12:37,OH,10116,1,0,14,e,NA,25,25,0,NA,NA,0,0,4,3,0,0,2,661
10000116,2,0,4,12:40,OH,10116,1,0,14,e,NA,25,25,0,NA,NA,0,0,3,3,0,0,2,648
10000116,3,0,4,12:44,OH,10116,1,0,14,e,NA,25,25,0,4,6,0,0,3,3,0,0,4,605
10000116,4,0,4,12:45,OH,10116,1,0,14,e,NA,25,25,0,4,6,0,0,3,3,0,0,3,599
10000116,5,0,4,13:16,OH,10116,1,0,14,e,NA,25,25,0,4,6,0,0,4,3,0,0,3,611
10000116,6,0,4,13:25,OH,10116,1,0,14,e,NA,25,25,0,4,6,0,0,4,3,0,0,3,611
10000116,7,0,4,13:26,OH,10116,1,0,14,e,NA,25,25,0,4,6,0,0,4,3,0,0,3,604
10000116,8,0,4,13:27,OH,10116,1,0,14,e,NA,25,25,0,4,6,0,0,3,3,0,0,3,594
10000116,9,1,2,15:23,OH,10116,1,0,14,e,NA,25,25,0,4,7,0,0,3,3,0,0,3,597
10000117,1,0,4,10:58,NY,10117,1,1,13,e,1,70,70,0,3,5,1,0,3,2,1,0,2,564
10000117,2,0,4,10:59,NY,10117,1,1,13,e,1,70,70,0,3,5,1,0,3,2,1,0,2,571
10000117,3,1,2,7:53,NY,10117,1,1,13,e,1,70,70,0,3,5,1,0,3,2,1,0,2,571
10000118,1,0,4,8:45,NY,10118,1,0,3,e,2,25,25,0,3,9,0,0,3,3,0,0,4,598
10000118,2,0,4,8:46,NY,10118,1,0,3,e,2,25,25,0,3,9,0,0,3,3,0,0,2,585
10000118,3,0,4,8:47,NY,10118,1,0,3,e,2,25,25,0,3,9,0,0,3,3,0,0,2,585
10000118,4,0,4,8:48,NY,10118,1,0,3,e,2,25,25,0,3,9,1,1,1,3,1,0,2,638
10000118,5,0,4,8:48,NY,10118,1,0,3,e,2,25,25,0,3,9,1,1,3,3,1,0,2,643
10000118,6,0,4,8:50,NY,10118,1,0,3,e,2,25,25,0,3,9,1,1,3,3,1,0,2,643
10000118,7,1,0,8:37,NY,10118,1,0,3,e,2,25,25,0,3,9,1,1,3,3,1,0,2,648
10000121,1,0,2,13:06,WA,10121,1,0,4,f,NA,39,39,0,1,1,1,0,1,2,0,2,1,626
10000121,2,0,2,13:08,WA,10121,1,0,4,f,NA,39,39,0,1,1,1,0,1,2,0,2,1,633
10000121,3,0,2,13:10,WA,10121,1,0,4,f,NA,39,39,0,1,1,1,0,1,2,0,2,1,633
10000121,4,0,2,13:11,WA,10121,1,0,4,f,NA,39,39,0,1,1,1,0,1,2,0,2,1,667
10000121,5,0,2,13:14,WA,10121,1,0,4,f,NA,39,39,0,1,1,1,0,1,2,0,2,1,660
10000121,6,0,2,13:17,WA,10121,1,0,4,f,NA,39,39,0,1,1,1,0,1,2,0,2,1,660
10000121,7,0,2,13:18,WA,10121,1,0,4,f,NA,39,39,0,1,1,1,0,1,2,0,2,1,660
10000121,8,1,4,13:10,WA,10121,1,0,4,f,NA,39,39,0,1,1,1,0,1,3,0,2,1,667
10000122,1,0,4,11:31,UT,10122,1,0,6,d,NA,21,21,0,1,4,1,1,1,2,1,1,2,686
10000122,2,0,4,11:34,UT,10122,1,0,6,d,NA,21,21,0,1,4,1,1,1,2,1,1,2,680
10000122,3,0,4,11:34,UT,10122,1,0,6,d,NA,21,21,0,1,4,1,1,1,2,1,1,2,667
10000122,4,0,4,11:36,UT,10122,1,0,6,d,NA,21,21,0,1,4,1,1,1,2,1,1,2,680
10000122,5,1,0,18:42,UT,10122,1,0,6,d,NA,21,21,0,1,4,2,1,1,2,1,3,2,666
10000123,1,0,2,19:37,WA,10123,1,1,4,g,3,37,37,0,NA,NA,1,0,3,3,0,1,4,617
10000123,2,0,2,19:43,WA,10123,1,1,4,g,3,37,37,0,NA,NA,1,0,4,3,0,1,3,623
10000123,3,0,2,19:47,WA,10123,1,1,4,g,3,37,37,0,NA,NA,1,0,4,3,0,1,1,617
10000123,4,0,2,19:49,WA,10123,1,1,4,g,3,37,37,0,NA,NA,1,0,4,3,0,1,1,625
10000123,5,0,2,19:58,WA,10123,1,1,4,g,3,37,37,0,NA,NA,1,0,4,3,0,1,1,617
10000123,6,0,2,20:11,WA,10123,1,1,4,g,3,37,37,0,NA,NA,1,0,4,3,0,1,1,625
10000123,7,1,1,17:09,WA,10123,1,1,4,g,3,37,37,0,4,7,1,0,4,3,0,1,1,617
10000124,1,0,3,15:01,AL,10124,4,1,19,d,1,61,34,1,3,15,0,0,3,3,0,0,4,535
10000124,2,0,3,15:08,AL,10124,4,1,19,d,1,61,34,1,3,15,0,1,3,3,0,0,2,536
10000124,3,0,3,15:08,AL,10124,4,1,19,d,1,61,34,1,3,15,0,1,3,3,0,0,2,531
10000124,4,1,2,16:26,AL,10124,4,1,19,d,1,61,29,1,3,15,0,1,3,3,0,0,1,538
10000125,1,0,1,10:27,FL,10125,1,1,1,f,2,52,52,0,3,12,2,1,3,3,1,2,4,618
10000125,2,0,1,10:28,FL,10125,1,1,1,f,2,52,52,0,3,12,2,1,3,3,1,2,4,618
10000125,3,0,1,10:38,FL,10125,1,1,1,f,2,52,52,0,3,12,1,1,1,3,1,2,3,594
10000125,4,0,1,10:39,FL,10125,1,1,1,f,2,52,52,0,3,12,1,1,1,3,1,2,3,594
10000125,5,0,1,10:41,FL,10125,1,1,1,f,2,52,52,0,3,12,1,1,1,3,1,2,4,603
10000125,6,0,1,10:44,FL,10125,1,1,1,f,2,52,52,0,3,12,1,1,1,3,1,2,4,610
10000125,7,0,1,10:47,FL,10125,1,1,1,f,2,52,52,0,3,12,1,1,1,3,1,2,4,610
10000125,8,0,1,10:49,FL,10125,1,1,1,f,2,52,52,0,3,12,1,1,1,3,1,2,4,610
10000125,9,0,1,10:51,FL,10125,1,1,1,f,2,52,52,0,3,12,1,1,1,3,1,2,4,610
10000125,10,0,1,10:51,FL,10125,1,1,1,f,2,52,52,0,3,12,1,1,1,3,1,2,4,610
10000125,11,1,1,11:14,FL,10125,1,1,1,f,2,52,52,0,3,12,1,1,1,3,1,2,4,603
10000126,1,0,5,8:32,PA,10126,2,0,8,f,NA,38,36,1,3,4,1,1,3,2,1,2,4,609
10000126,2,0,5,8:33,PA,10126,2,0,8,f,NA,38,36,1,3,4,1,1,3,2,1,2,4,656
10000126,3,0,5,8:34,PA,10126,2,0,8,f,NA,38,36,1,3,4,1,1,3,2,1,2,4,656
10000126,4,0,5,8:36,PA,10126,2,0,8,f,NA,38,36,1,3,4,1,1,3,2,1,2,4,647
10000126,5,0,5,8:37,PA,10126,2,0,8,f,NA,38,36,1,3,4,1,1,3,2,1,2,4,647
10000126,6,0,5,8:38,PA,10126,2,0,8,f,NA,38,36,1,3,4,1,1,3,2,1,2,4,647
10000126,7,0,5,8:54,PA,10126,2,0,8,f,NA,38,36,1,3,4,1,1,3,2,1,2,4,639
10000126,8,0,5,8:56,PA,10126,2,0,8,f,NA,38,36,1,3,4,1,1,3,2,1,2,4,647
10000126,9,1,5,10:14,PA,10126,2,0,8,f,NA,38,36,1,3,4,1,1,3,2,1,1,4,659
10000127,1,0,1,10:24,FL,10127,1,1,1,e,1,71,71,0,3,4,1,0,3,3,0,2,3,597
10000127,2,0,1,11:48,FL,10127,1,1,1,e,1,71,71,0,3,4,1,0,3,3,0,2,3,597
10000127,3,0,1,11:50,FL,10127,1,1,1,e,1,71,71,0,3,4,1,0,3,3,0,2,3,597
10000127,4,0,1,11:50,FL,10127,1,1,1,e,1,71,71,0,3,4,1,0,3,3,0,2,3,597
10000127,5,0,1,11:52,FL,10127,1,1,1,e,1,71,71,0,3,4,1,0,3,3,0,2,3,597
10000127,6,0,1,11:52,FL,10127,1,1,1,e,1,71,71,0,3,4,1,0,3,3,0,2,3,597
10000127,7,1,1,11:54,FL,10127,1,1,1,e,1,71,71,0,3,4,1,0,3,3,0,2,3,597
10000128,1,0,1,11:19,ME,10128,1,0,18,c,NA,24,24,0,2,5,1,1,3,3,1,1,4,655
10000128,2,0,1,11:20,ME,10128,1,0,18,c,NA,24,24,0,2,5,1,1,3,3,1,1,1,637
10000128,3,0,1,11:24,ME,10128,1,0,18,c,NA,24,24,0,2,5,0,1,2,3,0,0,1,569
10000128,4,0,1,11:25,ME,10128,1,0,18,c,NA,24,24,0,2,5,0,1,2,3,0,0,1,569
10000128,5,0,1,11:26,ME,10128,1,0,18,c,NA,24,24,0,2,5,0,1,2,3,0,0,2,567
10000128,6,0,1,11:33,ME,10128,1,0,18,c,NA,24,24,0,2,5,0,1,2,3,0,0,2,573
10000128,7,1,3,9:06,ME,10128,1,0,18,c,NA,24,24,0,2,5,0,1,2,3,0,0,2,573
10000129,1,0,2,8:24,PA,10129,1,1,12,g,4,54,54,0,1,1,1,1,1,2,0,2,1,671
10000129,2,0,2,8:25,PA,10129,1,1,12,g,4,54,54,0,1,1,1,1,1,2,0,2,1,671
10000129,3,0,2,8:26,PA,10129,1,1,12,g,4,54,54,0,1,1,1,1,1,3,0,2,1,668
10000129,4,0,2,8:27,PA,10129,1,1,12,g,4,54,54,0,1,1,1,1,1,3,0,2,1,668
10000129,5,0,2,8:51,PA,10129,1,1,12,g,4,54,54,0,1,1,1,1,1,3,0,2,1,657
10000129,6,0,2,9:42,PA,10129,1,1,12,g,4,54,54,0,1,1,1,1,1,3,0,2,1,657
10000129,7,0,2,9:42,PA,10129,1,1,12,g,4,54,54,0,1,1,1,1,1,2,0,2,1,657
10000129,8,0,2,9:43,PA,10129,1,1,12,g,4,54,54,0,1,1,1,1,1,2,0,2,1,657
10000129,9,1,3,15:50,PA,10129,1,0,12,g,4,54,54,0,1,1,1,1,1,2,1,2,2,665
10000130,1,0,4,13:17,OR,10130,2,0,12,d,4,40,39,1,2,8,1,0,2,3,0,0,4,615
10000130,2,0,4,13:19,OR,10130,2,0,12,d,4,40,39,1,2,8,1,0,2,3,0,2,4,633
10000130,3,0,4,13:24,OR,10130,2,0,12,d,4,40,39,1,2,8,1,0,2,3,0,2,4,637
10000130,4,0,4,13:26,OR,10130,2,0,12,d,4,40,39,1,2,8,1,0,2,3,0,2,4,628
10000130,5,0,4,13:30,OR,10130,2,0,12,d,4,40,39,1,2,8,1,0,2,3,0,2,4,628
10000130,6,0,4,13:34,OR,10130,2,0,12,d,4,40,39,1,2,8,1,0,2,3,0,2,4,628
10000130,7,1,4,13:53,OR,10130,2,0,12,d,4,40,39,1,2,8,1,0,2,3,0,2,4,628
10000131,1,0,3,9:42,MS,10131,1,1,8,d,NA,47,47,0,1,15,2,1,1,3,1,2,4,640
10000131,2,0,3,9:43,MS,10131,1,1,8,d,NA,47,47,0,1,15,2,1,1,3,1,2,4,644
10000131,3,0,3,9:48,MS,10131,1,1,8,d,NA,47,47,0,1,15,2,1,1,3,1,2,4,644
10000131,4,0,3,9:48,MS,10131,1,1,8,d,NA,47,47,0,1,15,2,1,1,3,1,2,4,644
10000131,5,1,3,9:51,MS,10131,1,1,8,d,NA,47,47,0,1,15,2,1,1,3,1,2,4,644
10000132,1,0,4,15:15,WI,10132,1,0,10,e,NA,21,21,0,2,1,2,0,3,3,0,2,2,634
10000132,2,0,4,15:16,WI,10132,1,0,10,e,NA,21,21,0,2,1,2,0,3,3,0,2,2,642
10000132,3,1,3,11:13,WI,10132,1,0,10,e,NA,24,21,1,2,1,2,0,2,3,0,2,3,642
10000133,1,0,0,12:43,MO,10133,1,0,2,h,4,25,25,0,4,1,1,1,4,3,0,2,2,618
10000133,2,0,0,12:43,MO,10133,1,0,2,h,4,25,25,0,4,1,1,1,4,3,0,2,2,618
10000133,3,0,0,12:46,MO,10133,1,0,2,h,4,25,25,0,4,1,1,1,4,3,0,2,2,633
10000133,4,0,0,12:47,MO,10133,1,0,2,h,4,25,25,0,4,1,1,1,4,3,0,2,3,653
10000133,5,0,0,12:48,MO,10133,1,0,2,h,4,25,25,0,4,1,1,1,4,3,0,2,2,633
10000133,6,1,3,18:05,MO,10133,1,0,2,h,4,25,25,0,4,1,1,1,4,3,0,2,2,622
10000134,1,0,1,12:49,CT,10134,1,0,7,f,NA,42,42,0,3,1,1,0,3,3,0,0,2,754
10000134,2,0,1,12:50,CT,10134,1,0,7,f,NA,42,42,0,3,1,1,0,3,3,0,0,2,737
10000134,3,0,1,12:51,CT,10134,1,0,7,f,NA,42,42,0,3,1,1,0,3,3,0,0,1,633
10000134,4,0,1,12:51,CT,10134,1,0,7,f,NA,42,42,0,3,1,1,0,3,3,0,0,2,637
10000134,5,0,1,12:52,CT,10134,1,0,7,f,NA,42,42,0,3,1,1,0,3,3,0,0,2,650
10000134,6,0,1,12:53,CT,10134,1,0,7,f,NA,42,42,0,3,1,1,0,3,3,0,0,2,650
10000134,7,0,1,13:14,CT,10134,1,0,7,f,NA,42,42,0,3,1,1,0,3,3,0,0,2,650
10000134,8,0,1,13:15,CT,10134,1,0,7,f,NA,42,42,0,3,1,1,0,3,3,1,0,2,663
10000134,9,0,1,13:19,CT,10134,1,0,7,f,NA,42,42,0,3,1,1,0,3,3,1,0,2,653
10000134,10,1,5,10:11,CT,10134,1,0,7,f,NA,42,42,0,3,1,1,0,2,3,1,0,2,645
10000135,1,0,2,13:38,AR,10135,1,0,7,d,NA,20,20,0,1,1,1,1,1,1,1,2,1,708
10000135,2,0,2,13:39,AR,10135,1,0,7,d,NA,20,20,0,1,1,0,1,1,1,0,0,1,630
10000135,3,0,2,13:42,AR,10135,1,0,7,d,NA,20,20,0,1,1,0,1,1,1,0,0,1,631
10000135,4,0,2,13:42,AR,10135,1,0,7,d,NA,20,20,0,1,1,0,1,1,1,0,0,1,631
10000135,5,0,2,13:43,AR,10135,1,0,7,d,NA,20,20,0,1,1,0,1,1,1,0,0,1,631
10000135,6,0,2,13:44,AR,10135,1,0,7,d,NA,20,20,0,1,1,0,1,1,1,0,0,1,631
10000135,7,0,2,13:48,AR,10135,1,0,7,d,NA,20,20,0,1,1,0,1,1,1,0,0,1,631
10000135,8,0,2,13:49,AR,10135,1,0,7,d,NA,20,20,0,1,1,0,1,1,1,0,0,1,631
10000135,9,1,2,13:59,AR,10135,1,0,7,d,NA,20,20,0,1,1,0,1,1,1,0,0,1,631
10000136,1,0,1,11:13,PA,10136,2,0,15,e,NA,46,41,0,3,2,1,1,4,3,1,2,4,659
10000136,2,0,1,11:14,PA,10136,2,0,15,e,NA,46,41,0,3,2,0,0,3,3,0,0,3,598
10000136,3,0,1,11:17,PA,10136,2,0,15,e,NA,46,41,0,3,2,0,0,3,3,0,0,3,605
10000136,4,0,1,11:18,PA,10136,2,0,15,e,NA,46,41,0,3,2,0,0,3,3,0,0,3,599
10000136,5,0,1,11:19,PA,10136,2,0,15,e,NA,46,41,0,3,2,0,0,3,3,0,0,3,602
10000136,6,1,3,9:37,PA,10136,2,0,15,e,NA,46,41,0,3,2,0,0,3,3,0,0,3,599
10000137,1,0,2,11:21,MT,10137,2,1,22,e,NA,43,43,1,2,1,1,0,2,3,0,1,2,658
10000137,2,0,2,11:25,MT,10137,2,1,22,e,NA,43,43,1,2,1,1,0,2,3,0,2,2,632
10000137,3,0,2,11:26,MT,10137,2,1,22,e,NA,43,43,1,2,1,1,0,2,3,0,2,2,636
10000137,4,0,2,11:31,MT,10137,2,1,22,e,NA,43,43,1,2,1,1,0,2,3,0,2,2,643
10000137,5,0,2,11:32,MT,10137,2,1,22,e,NA,43,43,1,2,1,1,0,2,3,0,2,2,639
10000137,6,0,2,11:32,MT,10137,2,1,22,e,NA,43,43,1,2,1,1,0,2,3,0,2,2,639
10000137,7,0,2,11:36,MT,10137,2,1,22,e,NA,43,43,1,2,1,1,0,2,3,0,2,2,639
10000137,8,0,2,11:37,MT,10137,2,1,22,e,NA,43,43,1,2,1,1,0,2,3,0,2,2,639
10000137,9,1,2,11:46,MT,10137,2,1,22,e,NA,43,43,1,2,1,1,0,2,3,0,2,2,639
10000138,1,0,1,13:56,MD,10138,2,0,2,e,3,58,52,1,3,5,1,1,2,2,1,1,2,601
10000138,2,0,1,13:57,MD,10138,2,0,2,e,3,58,52,1,3,5,1,1,3,3,1,1,2,600
10000138,3,0,1,13:57,MD,10138,2,0,2,e,3,58,52,1,3,5,1,1,3,3,1,1,2,600
10000138,4,0,1,14:01,MD,10138,2,0,2,e,3,58,52,1,3,5,1,1,3,3,1,1,2,600
10000138,5,0,1,14:03,MD,10138,2,0,2,e,3,58,52,1,3,5,1,1,3,3,0,1,2,603
10000138,6,0,1,14:04,MD,10138,2,0,2,e,3,58,52,1,3,5,1,1,3,3,0,1,2,603
10000138,7,0,1,14:05,MD,10138,2,0,2,e,3,58,52,1,3,5,1,1,3,3,0,1,2,603
10000138,8,0,1,14:11,MD,10138,2,0,2,e,3,58,52,1,3,5,1,1,3,3,0,1,2,603
10000138,9,1,4,10:11,MD,10138,2,0,2,e,3,58,52,1,3,5,1,1,3,3,0,2,3,621
10000139,1,0,3,11:40,PA,10139,1,0,1,d,3,32,32,0,3,7,1,1,2,2,1,1,1,635
10000139,2,0,3,11:40,PA,10139,1,0,1,d,3,32,32,0,3,7,2,1,3,3,1,2,4,647
10000139,3,0,3,11:43,PA,10139,1,0,1,d,3,32,32,0,3,7,2,1,3,3,1,2,4,647
10000139,4,0,3,11:46,PA,10139,1,0,1,d,3,32,32,0,3,7,2,1,3,3,1,2,4,647
10000139,5,0,3,11:47,PA,10139,1,0,1,d,3,32,32,0,3,7,2,1,3,3,1,2,4,647
10000139,6,1,3,12:06,PA,10139,1,0,1,d,3,32,32,0,3,7,2,1,3,3,1,2,4,647
10000141,1,0,4,12:48,FL,10141,2,1,4,h,3,63,62,1,3,2,1,1,3,3,1,2,3,639
10000141,2,0,4,12:49,FL,10141,2,1,4,h,3,63,62,1,3,2,1,1,3,3,1,2,3,643
10000141,3,0,4,12:49,FL,10141,2,1,4,h,3,63,62,1,3,2,1,1,3,3,1,2,3,641
10000141,4,0,4,12:52,FL,10141,2,1,1,g,3,63,62,1,3,2,1,1,3,3,1,2,3,623
10000141,5,0,4,12:54,FL,10141,2,1,1,g,3,63,62,1,3,2,1,1,3,3,1,2,3,619
10000141,6,0,4,12:56,FL,10141,2,1,1,g,3,63,62,1,3,2,1,1,3,3,1,2,3,619
10000141,7,0,4,12:56,FL,10141,2,1,1,g,3,63,62,1,3,2,1,1,3,3,1,2,4,626
10000141,8,1,4,13:35,FL,10141,2,1,1,g,3,63,62,1,3,2,1,0,3,3,1,2,4,625
10000143,1,0,4,14:45,MO,10143,1,1,15,d,NA,44,44,0,1,1,0,0,2,3,0,0,2,557
10000143,2,0,4,14:46,MO,10143,1,1,15,d,NA,44,44,0,1,1,0,0,2,3,0,0,2,563
10000143,3,0,4,15:02,MO,10143,1,1,15,d,NA,44,44,0,1,1,0,0,2,3,0,0,2,563
10000143,4,0,4,15:03,MO,10143,1,1,15,d,NA,44,44,0,1,1,0,0,2,3,0,0,2,567
10000143,5,0,4,15:03,MO,10143,1,1,15,d,NA,44,44,0,1,1,0,0,2,3,0,0,2,567
10000143,6,0,4,15:04,MO,10143,1,1,15,d,NA,44,44,0,1,1,0,0,2,3,0,0,2,567
10000143,7,1,4,15:10,MO,10143,1,1,15,d,NA,44,44,0,1,1,0,0,2,3,0,0,2,567
10000144,1,0,1,9:22,OH,10144,1,1,9,e,3,75,75,0,4,4,2,0,3,3,0,3,3,608
10000144,2,0,1,9:24,OH,10144,1,1,9,e,3,75,75,0,4,4,2,1,4,3,1,2,2,625
10000144,3,0,1,9:25,OH,10144,1,1,9,e,3,75,75,0,4,4,2,1,4,3,1,2,2,630
10000144,4,0,1,9:25,OH,10144,1,1,9,e,3,75,75,0,4,4,2,1,4,3,1,2,3,627
10000144,5,0,1,9:26,OH,10144,1,1,9,e,3,75,75,0,4,4,2,1,4,3,1,2,2,630
10000144,6,0,1,9:28,OH,10144,1,1,9,e,3,75,75,0,4,4,2,1,4,3,1,2,3,625
10000144,7,1,2,11:30,OH,10144,1,1,9,e,3,75,75,0,4,5,2,1,4,3,1,2,3,617
10000145,1,0,3,11:02,PA,10145,1,0,6,f,3,62,62,0,1,13,1,1,3,3,1,1,4,642
10000145,2,0,3,11:03,PA,10145,1,0,6,f,3,62,62,0,1,13,1,1,1,3,1,1,2,593
10000145,3,0,3,11:04,PA,10145,1,0,6,f,3,62,62,0,1,13,1,1,1,3,1,1,2,598
10000145,4,0,3,11:05,PA,10145,1,0,6,f,3,62,62,0,1,13,1,1,1,3,1,1,2,598
10000145,5,0,3,11:10,PA,10145,1,0,6,f,3,62,62,0,1,13,1,1,1,3,1,2,2,608
10000145,6,1,3,11:23,PA,10145,1,0,6,e,3,62,62,0,1,13,1,1,1,3,1,2,2,610
10000147,1,0,0,13:11,CT,10147,1,1,6,e,NA,28,28,0,4,2,1,0,4,3,1,0,4,674
10000147,2,0,0,13:12,CT,10147,1,1,6,e,NA,28,28,0,4,2,1,0,3,3,1,0,1,665
10000147,3,0,0,13:13,CT,10147,1,1,6,e,NA,28,28,0,4,2,1,0,3,3,1,0,1,655
10000147,4,0,0,13:21,CT,10147,1,1,6,e,NA,28,28,0,4,2,1,0,3,3,1,0,1,665
10000147,5,0,0,13:21,CT,10147,1,1,6,e,NA,28,28,0,4,2,1,0,3,3,1,0,1,668
10000147,6,0,0,13:24,CT,10147,1,1,6,e,NA,28,28,0,4,2,1,0,3,3,1,0,1,668
10000147,7,1,0,13:26,CT,10147,1,1,6,e,NA,28,28,0,4,2,1,0,3,3,1,0,1,668
10000148,1,0,0,8:06,KY,10148,2,1,12,e,4,35,32,1,1,3,1,1,2,2,1,2,3,625
10000148,2,0,0,8:07,KY,10148,2,1,12,e,4,35,32,1,1,3,1,1,2,2,1,2,3,625
10000148,3,0,0,8:09,KY,10148,2,1,12,e,4,35,32,1,1,3,1,1,2,2,1,2,3,625
10000148,4,0,0,8:10,KY,10148,2,1,12,e,4,35,32,1,1,3,1,1,2,2,1,2,3,625
10000148,5,0,0,8:14,KY,10148,2,1,12,e,4,35,32,1,1,3,1,1,2,2,1,2,3,625
10000148,6,0,0,8:20,KY,10148,2,1,12,e,4,35,32,1,1,3,1,1,2,2,1,2,3,625
10000148,7,0,0,8:22,KY,10148,2,1,12,e,4,35,32,1,1,3,1,1,2,2,1,2,3,625
10000148,8,0,0,8:23,KY,10148,2,1,12,e,4,35,32,1,1,3,1,1,2,2,1,2,3,625
10000148,9,1,0,8:47,KY,10148,2,1,12,e,4,35,32,1,1,3,1,1,2,2,1,2,3,625
10000150,1,0,0,9:51,NY,10150,1,1,5,f,2,74,37,1,2,15,1,0,2,1,0,0,2,601
10000150,2,0,0,9:52,NY,10150,1,1,5,f,2,74,37,1,2,15,1,0,2,1,0,0,2,606
10000150,3,0,0,9:54,NY,10150,1,1,5,f,2,74,37,1,2,15,1,0,2,1,0,0,2,610
10000150,4,0,0,9:54,NY,10150,1,1,5,f,2,74,37,1,2,15,1,0,2,1,0,0,2,610
10000150,5,0,0,10:01,NY,10150,1,1,5,f,2,74,37,1,2,15,1,0,2,2,0,0,2,611
10000150,6,0,0,10:02,NY,10150,1,1,5,f,2,74,37,1,2,15,1,0,2,2,0,0,2,611
10000150,7,0,0,10:04,NY,10150,1,1,5,f,2,74,37,1,2,15,1,0,2,2,0,0,2,611
10000150,8,1,4,8:36,NY,10150,1,1,5,f,2,74,71,1,2,15,1,0,2,2,0,0,2,612
10000151,1,0,4,8:42,IN,10151,1,1,14,e,1,75,75,0,3,15,1,0,2,2,0,2,1,581
10000151,2,0,4,8:44,IN,10151,1,1,14,e,1,75,75,0,3,15,1,1,3,3,0,2,1,596
10000151,3,0,4,8:53,IN,10151,1,1,14,e,1,75,75,0,3,15,1,1,3,3,0,2,1,596
10000151,4,0,4,8:55,IN,10151,1,1,14,e,1,75,75,0,3,15,1,1,3,3,0,2,1,596
10000151,5,0,4,8:58,IN,10151,1,1,14,e,1,75,75,0,3,15,1,1,3,3,0,2,1,596
10000151,6,0,4,9:10,IN,10151,1,1,14,e,1,75,75,0,3,15,1,1,3,3,0,2,1,596
10000151,7,0,4,9:13,IN,10151,1,1,14,e,1,75,75,0,3,15,1,1,3,3,0,2,1,596
10000151,8,0,4,9:21,IN,10151,1,1,14,e,1,75,75,0,3,15,1,1,3,3,0,2,1,596
10000151,9,1,4,9:23,IN,10151,1,1,14,e,1,75,75,0,3,15,1,1,3,3,0,2,1,596
10000152,1,0,4,12:44,IN,10152,1,0,17,d,4,25,25,0,1,0,0,0,1,1,0,0,4,583
10000152,2,0,4,12:46,IN,10152,1,0,17,d,4,25,25,0,1,0,0,0,1,1,0,0,1,577
10000152,3,0,4,12:48,IN,10152,1,0,17,d,4,25,25,0,1,0,0,0,1,1,0,0,1,584
10000152,4,0,4,12:49,IN,10152,1,0,17,d,4,25,25,0,1,0,0,0,1,1,0,0,1,584
10000152,5,0,4,12:58,IN,10152,1,0,17,d,4,25,25,0,1,0,0,0,1,1,0,0,1,584
10000152,6,1,4,13:52,IN,10152,1,0,17,d,4,25,25,0,1,0,0,0,1,1,0,0,1,584
10000154,1,0,1,11:10,RI,10154,1,1,10,f,NA,45,45,0,NA,NA,0,0,1,1,0,0,2,676
10000154,2,0,1,11:11,RI,10154,1,1,10,f,NA,45,45,0,1,3,0,0,1,1,0,0,2,695
10000154,3,0,1,11:12,RI,10154,1,1,10,f,NA,45,45,0,1,3,0,0,3,3,0,0,1,726
10000154,4,0,1,11:13,RI,10154,1,1,10,f,NA,45,45,0,1,3,0,0,3,3,0,0,1,714
10000154,5,0,1,11:14,RI,10154,1,1,10,f,NA,45,45,0,1,3,0,0,3,3,0,0,1,714
10000154,6,0,1,11:20,RI,10154,1,1,10,f,NA,45,45,0,1,3,0,0,3,3,0,0,1,714
10000154,7,0,1,11:23,RI,10154,1,1,10,f,NA,45,45,0,1,3,0,0,3,3,0,0,1,714
10000154,8,1,1,11:29,RI,10154,1,1,10,f,NA,45,45,0,1,3,0,0,3,3,0,0,1,714
10000155,1,0,0,10:12,NY,10155,1,0,3,f,1,65,65,0,3,15,1,0,3,2,0,0,2,588
10000155,2,0,0,10:14,NY,10155,1,0,3,f,1,65,65,0,3,15,1,0,3,2,0,0,2,594
10000155,3,0,0,10:16,NY,10155,1,0,3,f,1,65,65,0,3,15,1,0,3,2,0,0,2,594
10000155,4,0,0,10:33,NY,10155,1,0,3,f,1,65,65,0,3,15,1,0,3,2,0,0,2,590
10000155,5,1,2,10:02,NY,10155,1,0,3,f,1,65,65,0,3,15,1,0,3,2,0,0,1,590
10000156,1,0,3,9:10,PA,10156,1,0,7,e,NA,21,21,0,NA,NA,0,0,1,1,0,0,2,658
10000156,2,0,3,9:11,PA,10156,1,0,7,e,NA,21,21,0,NA,NA,1,0,1,2,0,1,2,693
10000156,3,0,3,9:13,PA,10156,1,0,7,e,NA,21,21,0,NA,NA,1,0,1,2,0,1,2,707
10000156,4,0,3,9:18,PA,10156,1,0,7,e,NA,21,21,0,NA,NA,1,0,1,2,0,1,1,705
10000156,5,1,4,9:43,PA,10156,1,0,7,e,NA,21,21,0,4,2,2,1,1,2,1,1,4,678
10000158,1,0,1,14:09,MS,10158,1,0,9,g,4,22,22,0,1,3,1,1,2,2,1,2,3,713
10000158,2,0,1,14:21,MS,10158,1,0,9,g,4,22,22,0,1,3,1,1,2,2,1,2,3,720
10000158,3,0,1,14:50,MS,10158,1,0,9,g,4,22,22,0,1,3,1,1,2,2,1,2,3,720
10000158,4,0,1,14:51,MS,10158,1,0,9,g,4,22,22,0,1,3,1,1,2,2,1,2,3,718
10000158,5,0,1,15:01,MS,10158,1,0,9,g,4,22,22,0,1,3,1,1,2,2,1,2,3,718
10000158,6,0,1,16:36,MS,10158,1,0,9,g,4,22,22,0,1,3,1,1,2,2,1,2,3,718
10000158,7,0,1,16:39,MS,10158,1,0,9,g,4,22,22,0,1,3,1,1,2,2,1,2,3,712
10000158,8,1,3,18:04,MS,10158,1,0,9,g,4,22,22,0,1,3,2,1,2,2,1,3,3,703
10000159,1,0,0,18:01,NV,10159,1,0,7,d,3,22,22,0,1,1,1,1,1,1,1,1,2,766
10000159,2,0,0,18:02,NV,10159,1,0,7,d,3,22,22,0,1,1,1,1,1,1,1,1,2,766
10000159,3,0,0,18:02,NV,10159,1,0,7,d,3,22,22,0,1,1,1,0,1,2,1,2,2,760
10000159,4,0,0,18:05,NV,10159,1,0,7,d,NA,22,22,0,1,1,1,0,1,2,1,2,2,760
10000159,5,0,0,18:05,NV,10159,1,0,7,d,NA,22,22,0,1,1,1,0,1,2,1,2,2,770
10000159,6,0,0,18:06,NV,10159,1,0,7,d,NA,22,22,0,1,1,1,0,1,2,1,2,1,740
10000159,7,0,0,18:06,NV,10159,1,0,7,d,NA,22,22,0,1,1,1,0,1,2,1,2,1,733
10000159,8,1,0,19:03,NV,10159,1,0,7,d,NA,22,22,0,1,1,1,0,1,2,1,2,1,727
10000160,1,0,4,16:11,WA,10140,1,1,4,f,3,45,45,0,4,14,0,0,1,2,0,0,1,536
10000160,2,0,4,16:13,WA,10140,1,1,4,f,3,45,45,0,4,14,1,1,4,3,1,1,2,619
10000160,3,0,4,16:28,WA,10140,1,1,4,f,3,45,45,0,4,14,1,1,4,3,0,1,2,614
10000160,4,0,4,16:32,WA,10140,1,1,4,f,3,45,45,0,4,14,1,1,4,3,0,1,2,607
10000160,5,0,4,16:33,WA,10140,1,1,4,f,3,45,45,0,4,14,1,1,4,3,0,1,2,607
10000160,6,0,4,16:42,WA,10140,1,1,4,f,3,45,45,0,4,14,1,1,4,3,0,1,2,607
10000160,7,0,4,16:48,WA,10140,1,1,4,f,3,45,45,0,4,14,1,1,4,3,0,1,2,607
10000160,8,0,4,16:56,WA,10140,1,1,4,f,3,45,45,0,4,14,1,1,4,3,0,1,2,607
10000160,9,1,4,16:58,WA,10140,1,1,4,f,3,45,45,0,4,14,1,1,4,3,0,1,2,607
10000161,1,0,1,15:05,PA,10160,1,0,13,d,3,21,21,0,3,6,1,1,3,3,1,2,4,696
10000161,2,0,1,15:06,PA,10160,1,0,13,d,3,21,21,0,3,6,1,1,3,3,1,2,4,681
10000161,3,0,1,15:07,PA,10160,1,0,13,d,3,21,21,0,3,6,1,1,3,3,1,2,4,695
10000161,4,0,1,15:08,PA,10160,1,0,13,d,3,21,21,0,3,6,0,0,3,3,0,0,4,633
10000161,5,0,1,15:09,PA,10160,1,0,13,d,3,21,21,0,3,6,0,0,2,2,0,0,2,626
10000161,6,1,1,12:13,PA,10160,1,0,13,d,3,21,21,0,3,6,0,0,2,2,0,0,2,629
10000162,1,0,2,8:26,NY,10161,1,1,1,g,3,33,33,0,3,9,1,0,3,2,1,0,4,653
10000162,2,0,2,8:26,NY,10161,1,1,1,g,3,33,33,0,3,9,1,0,3,2,1,0,2,644
10000162,3,0,2,8:27,NY,10161,1,1,1,g,3,33,33,0,3,9,1,0,3,2,1,0,2,644
10000162,4,0,2,8:28,NY,10161,1,1,1,g,3,33,33,0,3,9,1,0,3,2,1,0,2,644
10000162,5,1,2,8:31,NY,10161,1,1,1,g,3,33,33,0,3,9,1,0,3,2,1,0,2,644
10000163,1,0,1,15:03,PA,10162,1,1,9,e,NA,54,54,0,1,4,1,1,1,1,1,2,2,669
10000163,2,0,1,15:04,PA,10162,1,1,9,e,NA,54,54,0,1,4,1,1,1,1,1,2,2,650
10000163,3,0,1,15:06,PA,10162,1,1,9,e,NA,54,54,0,1,4,1,1,1,1,1,2,2,667
10000163,4,0,1,15:08,PA,10162,1,1,9,e,NA,54,54,0,1,4,1,1,1,1,1,2,2,667
10000163,5,0,1,15:09,PA,10162,1,1,9,e,NA,54,54,0,1,4,1,1,1,1,1,2,2,667
10000163,6,0,1,15:14,PA,10162,1,1,9,e,NA,54,54,0,1,4,1,1,1,1,1,2,2,667
10000163,7,0,1,15:15,PA,10162,1,1,9,e,NA,54,54,0,1,4,1,1,1,3,1,2,2,668
10000163,8,0,1,15:20,PA,10162,1,1,9,e,NA,54,54,0,1,4,1,1,1,3,1,2,2,674
10000163,9,1,0,13:35,PA,10162,1,1,9,e,NA,54,54,0,1,4,1,1,1,1,1,2,2,671
10000164,1,0,0,15:15,NY,10163,1,1,6,d,3,52,52,0,3,6,1,1,3,3,1,0,2,704
10000164,2,0,0,15:16,NY,10163,1,1,6,d,3,52,52,0,3,6,1,1,3,3,1,0,2,704
10000164,3,0,0,15:18,NY,10163,1,1,6,d,3,52,52,0,3,6,1,1,3,3,1,0,2,704
10000164,4,1,0,11:04,NY,10163,1,1,6,d,3,52,52,0,3,6,1,1,3,3,1,0,2,709
10000165,1,0,0,14:34,TN,10164,1,1,16,e,NA,55,55,1,3,1,1,1,3,3,1,2,2,618
10000165,2,0,0,14:36,TN,10164,1,1,16,e,NA,55,55,1,3,1,2,1,2,3,0,3,1,590
10000165,3,0,0,14:37,TN,10164,1,1,16,e,NA,55,55,1,3,1,2,1,2,3,0,3,1,590
10000165,4,0,0,14:37,TN,10164,1,1,16,e,NA,55,55,1,3,1,2,1,2,3,0,3,1,590
10000165,5,0,0,14:39,TN,10164,1,1,16,e,NA,55,55,1,3,1,2,1,2,3,0,3,1,590
10000165,6,1,0,14:41,TN,10164,1,1,16,e,NA,55,55,1,3,1,2,1,2,3,0,3,1,590
10000167,1,0,4,10:27,IN,10166,1,0,9,g,4,23,23,0,NA,NA,1,0,2,3,0,2,2,757
10000167,2,0,4,10:28,IN,10166,1,0,9,g,4,23,23,0,NA,NA,1,0,2,3,0,2,2,757
10000167,3,0,4,10:29,IN,10166,1,0,9,g,4,23,23,0,1,1,1,0,2,3,0,2,1,672
10000167,4,0,4,10:30,IN,10166,1,0,9,g,4,23,23,0,1,1,1,0,2,3,0,2,1,682
10000167,5,0,4,10:31,IN,10166,1,0,9,g,4,23,23,0,1,1,1,0,2,3,0,2,1,686
10000167,6,0,4,11:30,IN,10166,1,0,9,g,4,23,23,0,1,1,1,0,2,3,0,2,1,686
10000167,7,1,1,7:08,IN,10166,1,0,9,g,4,23,23,0,1,1,1,0,2,3,0,2,1,686
10000168,1,0,0,16:34,OH,10167,1,0,11,g,NA,38,38,0,3,7,1,1,3,3,1,1,2,672
10000168,2,0,0,16:35,OH,10167,1,0,11,g,NA,38,38,0,3,7,1,0,3,3,0,1,2,669
10000168,3,0,0,16:35,OH,10167,1,0,11,g,NA,38,38,0,3,7,1,0,3,3,0,1,2,669
10000168,4,0,0,16:36,OH,10167,1,0,11,g,NA,38,38,0,3,7,1,0,2,3,0,2,2,668
10000168,5,0,0,16:38,OH,10167,1,0,11,g,NA,38,38,0,3,7,1,0,2,3,0,2,2,677
10000168,6,0,0,16:38,OH,10167,1,0,11,g,NA,38,38,0,3,7,1,0,2,3,0,2,2,668
10000168,7,0,0,16:40,OH,10167,1,0,11,g,NA,38,38,0,3,7,1,0,2,3,0,2,2,668
10000168,8,1,4,13:48,OH,10167,1,0,12,g,NA,38,38,0,3,7,1,0,2,3,0,2,2,668
10000169,1,0,2,15:09,WA,10168,1,1,8,e,NA,67,67,0,NA,NA,1,0,3,3,0,2,1,571
10000169,2,0,2,15:16,WA,10168,1,1,7,f,NA,67,67,0,3,7,1,0,3,3,0,2,1,630
10000169,3,0,2,15:17,WA,10168,1,1,7,f,NA,67,67,0,3,7,1,0,3,2,1,1,2,635
10000169,4,0,2,15:18,WA,10168,1,1,7,f,NA,67,67,0,3,7,1,0,3,2,1,1,2,635
10000169,5,0,2,15:44,WA,10168,1,1,7,f,NA,67,67,0,3,7,1,0,3,2,1,1,2,635
10000169,6,0,2,16:30,WA,10168,1,1,7,f,NA,67,67,0,3,7,1,0,3,2,1,1,2,649
10000169,7,0,2,16:31,WA,10168,1,1,7,f,NA,67,67,0,3,7,1,0,3,2,1,1,2,655
10000169,8,1,2,18:56,WA,10168,1,1,7,f,NA,67,67,0,3,7,1,0,3,2,1,1,2,655
10000170,1,0,1,13:45,FL,10169,1,1,4,e,2,56,56,0,4,9,1,1,4,1,1,1,3,637
10000170,2,0,1,13:59,FL,10169,1,1,4,e,2,56,56,0,4,9,1,1,4,3,1,1,3,666
10000170,3,0,1,14:02,FL,10169,1,1,4,e,2,56,56,0,4,9,1,1,4,3,1,1,3,662
10000170,4,0,1,14:09,FL,10169,1,1,4,e,2,56,56,0,4,9,1,1,4,3,1,1,3,662
10000170,5,0,1,14:11,FL,10169,1,1,4,e,2,56,56,0,4,9,1,1,4,3,1,1,3,662
10000170,6,0,1,14:12,FL,10169,1,1,4,e,2,56,56,0,4,9,1,1,4,3,1,1,3,662
10000170,7,0,1,14:15,FL,10169,1,1,4,e,2,56,56,0,4,9,1,1,4,3,1,1,3,662
10000170,8,0,1,14:16,FL,10169,1,1,4,e,2,56,56,0,4,9,1,1,4,3,1,1,3,662
10000170,9,1,1,14:31,FL,10169,1,1,4,e,2,56,56,0,4,9,1,1,4,3,1,1,3,662
10000172,1,0,0,10:22,KS,10171,1,0,13,f,NA,26,26,0,3,10,1,1,3,3,0,2,3,611
10000172,2,0,0,10:24,KS,10171,1,0,13,f,NA,26,26,0,3,10,0,1,3,3,0,0,2,564
10000172,3,0,0,10:26,KS,10171,1,0,13,f,NA,26,26,0,3,10,0,1,3,3,0,0,3,572
10000172,4,0,0,10:33,KS,10171,1,0,13,f,NA,26,26,0,3,10,0,1,3,3,0,0,3,572
10000172,5,0,0,10:34,KS,10171,1,0,13,f,NA,26,26,0,3,10,0,1,3,3,0,0,3,584
10000172,6,0,0,10:35,KS,10171,1,0,13,f,NA,26,26,0,3,10,0,1,3,3,0,0,3,577
10000172,7,1,0,11:17,KS,10171,1,0,13,f,NA,26,26,0,3,10,0,1,3,3,0,0,3,577
10000173,1,0,0,10:24,MD,10172,1,0,6,g,2,21,21,0,4,6,1,1,4,3,1,2,3,734
10000173,2,0,0,10:28,MD,10172,1,0,4,f,2,21,21,0,4,6,1,1,4,3,1,2,3,747
10000173,3,0,0,10:30,MD,10172,1,0,4,f,2,21,21,0,4,6,1,1,4,3,1,2,3,747
10000173,4,0,0,10:53,MD,10172,1,0,4,f,2,21,21,0,4,6,1,1,4,3,1,2,3,747
10000173,5,0,0,10:54,MD,10172,1,0,4,f,2,21,21,0,4,6,1,1,4,3,1,2,3,754
10000173,6,0,0,10:56,MD,10172,1,0,2,f,2,21,21,0,4,6,1,1,4,3,1,2,3,747
10000173,7,0,0,10:59,MD,10172,1,0,6,g,2,21,21,0,4,6,1,1,4,3,1,2,3,743
10000173,8,0,0,10:59,MD,10172,1,0,6,g,2,21,21,0,4,6,1,1,4,3,1,2,3,743
10000173,9,1,3,13:32,MD,10172,1,0,4,g,2,21,21,0,4,6,2,1,4,3,1,2,3,745
10000176,1,0,1,10:22,FL,10175,1,0,18,d,1,61,61,0,1,13,1,0,2,2,1,2,3,646
10000176,2,0,1,10:23,FL,10175,1,0,18,d,1,61,61,0,1,13,0,0,2,2,0,0,3,639
10000176,3,0,1,10:24,FL,10175,1,0,18,d,1,61,61,0,1,13,0,0,1,2,0,0,3,634
10000176,4,0,1,10:35,FL,10175,1,0,18,d,1,61,61,0,1,13,0,0,1,2,0,0,3,641
10000176,5,0,1,10:37,FL,10175,1,0,18,d,1,61,61,0,1,13,0,0,1,2,0,0,3,632
10000176,6,0,1,10:52,FL,10175,1,0,18,d,1,61,61,0,1,13,0,0,1,2,0,0,3,629
10000176,7,1,4,8:43,FL,10175,1,0,18,d,1,61,61,0,1,13,0,0,1,2,0,0,3,625
10000178,1,0,2,11:39,CT,10177,1,0,8,f,NA,21,21,0,1,2,1,0,1,2,1,0,1,742
10000178,2,0,2,11:41,CT,10177,1,0,8,f,NA,22,22,0,1,2,0,0,1,2,0,0,1,628
10000178,3,0,2,11:43,CT,10177,1,0,8,f,NA,22,22,0,1,2,0,0,1,2,0,0,1,646
10000178,4,0,2,11:44,CT,10177,1,0,8,f,NA,22,22,0,1,2,0,0,1,2,0,0,1,646
10000178,5,0,2,11:44,CT,10177,1,0,8,f,NA,22,22,0,1,2,0,0,1,2,0,0,1,644
10000178,6,0,2,11:45,CT,10177,1,0,8,f,NA,22,22,0,1,2,0,0,1,2,0,0,1,646
10000178,7,0,2,14:28,CT,10177,1,0,8,f,NA,22,22,0,1,2,0,0,1,2,0,0,1,646
10000178,8,0,2,14:31,CT,10177,1,0,8,f,NA,22,22,0,1,2,0,0,1,2,0,0,1,644
10000178,9,1,2,14:49,CT,10177,1,0,8,f,NA,22,22,0,1,2,0,0,1,2,0,0,1,644
10000179,1,0,2,9:42,TN,10178,1,0,11,f,4,31,31,0,2,15,1,1,2,3,1,1,1,614
10000179,2,0,2,9:43,TN,10178,1,0,11,f,4,31,31,0,2,15,1,1,2,3,1,1,1,614
10000179,3,0,2,9:44,TN,10178,1,0,11,f,4,31,31,0,2,15,1,1,2,3,1,1,1,614
10000179,4,0,2,9:46,TN,10178,1,0,11,f,4,31,31,0,2,15,1,1,2,3,1,1,1,614
10000179,5,0,2,9:47,TN,10178,1,0,11,f,4,31,31,0,2,15,1,1,2,3,1,1,1,614
10000179,6,1,2,9:48,TN,10178,1,0,11,f,4,31,31,0,2,15,1,1,2,3,1,1,1,614
10000180,1,0,1,11:46,FL,10037,1,0,9,f,3,49,49,0,1,8,1,1,1,3,1,2,3,684
10000180,2,0,1,12:03,FL,10037,1,0,9,f,3,49,49,0,1,8,1,1,1,3,1,2,3,680
10000180,3,1,3,14:12,FL,10037,1,0,9,f,3,49,49,0,1,8,2,1,1,3,1,3,3,654
10000182,1,0,3,17:22,WY,10180,1,1,5,f,NA,42,42,0,3,3,1,0,2,2,0,1,4,618
10000182,2,0,3,17:23,WY,10180,1,1,5,f,NA,42,42,0,3,3,1,0,2,2,0,1,4,618
10000182,3,0,3,17:27,WY,10180,1,1,5,f,NA,42,42,0,3,3,1,0,2,2,0,1,4,618
10000182,4,0,3,17:29,WY,10180,1,1,5,f,NA,42,42,0,3,3,1,0,2,2,0,1,4,618
10000182,5,0,3,17:29,WY,10180,1,1,5,f,NA,42,42,0,3,3,1,0,2,2,0,1,4,618
10000182,6,0,3,17:31,WY,10180,1,1,5,f,NA,42,42,0,3,3,1,0,2,2,0,1,4,618
10000182,7,1,3,17:34,WY,10180,1,1,5,f,NA,42,42,0,3,3,1,0,2,2,0,1,4,618
10000183,1,0,3,14:01,FL,10181,1,0,3,e,3,57,57,0,4,2,1,0,3,3,1,2,4,668
10000183,2,0,3,14:06,FL,10181,1,0,3,e,3,57,57,0,4,2,1,1,3,3,1,2,4,665
10000183,3,0,3,14:10,FL,10181,1,0,3,e,3,57,57,0,4,13,1,1,3,3,1,2,4,628
10000183,4,0,3,14:11,FL,10181,1,0,3,e,3,57,57,0,4,13,1,1,3,3,1,2,4,628
10000183,5,0,3,14:14,FL,10181,1,0,3,e,3,57,57,0,4,13,1,1,3,3,1,2,4,636
10000183,6,0,3,14:15,FL,10181,1,0,3,e,3,57,57,0,4,13,1,1,3,3,1,2,4,628
10000183,7,0,3,14:15,FL,10181,1,0,3,e,3,57,57,0,4,13,1,1,3,3,1,2,4,628
10000183,8,0,3,14:42,FL,10181,1,0,3,e,3,57,57,0,4,13,1,1,3,3,1,2,4,628
10000183,9,0,3,14:48,FL,10181,1,0,3,e,3,57,57,0,4,13,1,1,3,3,1,2,4,630
10000183,10,0,3,14:49,FL,10181,1,0,3,e,3,57,57,0,4,13,1,1,3,3,1,2,3,626
10000183,11,1,2,14:23,FL,10181,1,0,3,e,3,57,57,0,4,13,1,1,3,3,1,2,3,634
10000184,1,0,1,14:46,FL,10182,1,1,8,d,2,64,64,0,3,15,1,1,1,1,1,2,3,589
10000184,2,0,1,14:46,FL,10182,1,1,8,d,2,64,64,0,3,15,1,1,1,1,1,2,3,585
10000184,3,0,1,14:47,FL,10182,1,1,8,d,2,64,64,0,3,15,1,1,3,3,1,1,3,608
10000184,4,0,1,14:50,FL,10182,1,1,8,d,2,64,64,0,3,15,1,1,3,3,1,1,3,608
10000184,5,1,1,14:38,FL,10182,1,1,8,d,2,64,64,0,3,15,1,0,3,3,0,1,3,612
10000187,1,0,1,16:04,CO,10056,1,0,6,d,NA,27,27,0,3,10,1,1,3,3,0,2,2,636
10000187,2,0,1,16:08,CO,10056,1,0,6,d,NA,27,27,0,3,10,1,1,1,3,0,2,2,625
10000187,3,0,1,16:08,CO,10056,1,0,6,d,NA,27,27,0,3,10,1,1,2,3,0,2,2,632
10000187,4,0,1,16:09,CO,10056,1,0,6,d,NA,27,27,0,3,10,1,1,2,3,0,2,2,632
10000187,5,0,1,16:10,CO,10056,1,0,6,d,NA,27,27,0,3,10,1,1,2,3,0,2,2,632
10000187,6,0,1,16:10,CO,10056,1,0,6,d,NA,27,27,0,3,10,1,1,2,3,0,2,2,632
10000187,7,0,1,16:11,CO,10056,1,0,6,d,NA,27,27,0,3,10,1,1,2,3,0,2,2,613
10000187,8,0,1,16:17,CO,10056,1,0,6,d,NA,27,27,0,3,10,1,1,2,3,0,2,2,621
10000187,9,1,1,17:47,CO,10056,1,0,6,d,NA,27,27,0,3,10,1,1,2,3,0,1,2,634
10000188,1,0,4,11:06,AL,10185,2,0,2,h,1,64,64,1,3,1,1,1,3,3,1,2,4,588
10000188,2,0,4,11:06,AL,10185,2,0,2,h,1,64,64,1,3,1,1,1,3,3,1,2,2,584
10000188,3,0,4,11:08,AL,10185,2,0,2,h,1,64,64,1,3,1,1,1,3,3,1,2,1,589
10000188,4,0,4,11:09,AL,10185,2,0,2,h,1,64,64,1,3,1,1,1,3,3,1,2,1,585
10000188,5,0,4,11:10,AL,10185,2,0,2,h,1,64,64,1,3,1,1,1,3,3,1,2,1,581
10000188,6,0,4,11:11,AL,10185,2,0,2,h,1,64,64,1,3,1,1,1,3,3,1,2,1,581
10000188,7,1,4,11:36,AL,10185,2,0,2,h,1,64,64,1,3,1,1,1,3,3,1,2,4,587
10000189,1,0,4,11:07,MO,10186,1,0,7,d,NA,18,18,0,1,4,1,1,3,3,1,2,2,713
10000189,2,0,4,11:09,MO,10186,1,0,7,d,NA,18,18,0,1,4,1,1,1,2,1,2,2,709
10000189,3,0,4,11:10,MO,10186,1,0,7,d,NA,18,18,0,1,4,1,1,1,2,1,2,2,694
10000189,4,0,4,11:12,MO,10186,1,0,7,d,NA,18,18,0,1,4,1,0,1,2,0,2,2,689
10000189,5,0,4,11:16,MO,10186,1,0,7,d,NA,18,18,0,1,4,1,0,1,2,0,2,2,689
10000189,6,0,4,11:17,MO,10186,1,0,7,d,NA,18,18,0,1,4,1,0,1,2,0,2,2,705
10000189,7,0,4,11:19,MO,10186,1,0,7,d,NA,18,18,0,1,4,1,0,1,2,0,2,2,705
10000189,8,0,4,13:02,MO,10186,1,0,7,d,NA,18,18,0,1,4,1,0,1,2,0,2,2,705
10000189,9,0,4,13:03,MO,10186,1,0,7,d,NA,18,18,0,1,4,1,0,1,2,0,2,2,705
10000189,10,1,2,14:13,MO,10186,1,0,7,d,NA,18,18,0,1,4,1,0,1,2,0,2,2,690
10000190,1,0,1,12:48,NM,10187,1,1,12,g,3,63,63,0,2,4,2,1,1,1,1,2,1,637
10000190,2,0,1,12:48,NM,10187,1,1,12,g,3,63,63,0,2,4,2,1,1,1,1,2,1,645
10000190,3,0,1,12:49,NM,10187,1,1,12,g,3,63,63,0,2,4,1,1,2,2,1,1,4,667
10000190,4,0,1,12:50,NM,10187,1,1,12,g,3,63,63,0,2,4,1,1,2,2,1,1,4,673
10000190,5,0,1,12:52,NM,10187,1,1,12,g,3,63,63,0,2,4,1,1,2,2,1,1,4,661
10000190,6,0,1,12:54,NM,10187,1,1,12,g,3,63,63,0,2,4,1,1,2,2,1,1,4,661
10000190,7,0,1,13:03,NM,10187,1,1,12,g,3,63,63,0,2,4,1,1,2,2,1,1,4,661
10000190,8,1,1,13:37,NM,10187,1,1,12,g,3,63,63,0,2,4,1,1,2,2,1,1,4,661
10000191,1,0,1,14:51,FL,10188,1,1,2,f,1,75,75,1,3,8,0,0,1,1,0,0,2,680
10000191,2,0,1,14:53,FL,10188,1,1,2,f,1,75,75,1,3,8,1,0,3,2,0,2,3,648
10000191,3,0,1,14:53,FL,10188,1,1,2,f,1,75,75,1,3,8,1,0,3,2,0,2,3,652
10000191,4,0,1,14:55,FL,10188,1,1,2,f,1,75,75,1,3,8,1,0,3,2,0,2,3,652
10000191,5,0,1,15:02,FL,10188,1,1,2,f,1,75,75,1,3,8,1,0,3,2,0,2,3,652
10000191,6,0,1,15:08,FL,10188,1,1,2,f,1,75,75,1,3,8,1,0,3,2,0,2,3,652
10000191,7,0,1,15:09,FL,10188,1,1,2,f,1,75,75,1,3,8,1,0,3,2,1,2,3,657
10000191,8,0,1,15:10,FL,10188,1,1,2,f,1,75,75,1,3,8,1,0,3,2,1,2,3,653
10000191,9,0,1,15:14,FL,10188,1,1,2,f,1,75,75,1,3,8,1,0,3,2,1,2,3,653
10000191,10,1,2,11:41,FL,10188,1,1,2,f,1,75,75,1,3,8,1,0,3,2,1,2,4,654
10000192,1,0,4,18:06,NV,10189,1,0,7,d,3,20,20,0,1,2,1,0,1,1,0,2,2,758
10000192,2,0,4,18:07,NV,10189,1,0,7,d,3,20,20,0,1,2,1,1,1,1,0,2,2,765
10000192,3,0,4,18:09,NV,10189,1,0,7,d,3,20,20,0,1,2,1,1,1,1,0,2,2,765
10000192,4,0,4,18:10,NV,10189,1,0,7,d,3,20,20,0,1,2,1,1,1,1,0,2,2,769
10000192,5,0,4,18:11,NV,10189,1,0,7,d,3,20,20,0,1,2,1,1,1,1,0,2,1,768
10000192,6,1,0,10:41,NV,10189,1,0,7,d,3,20,20,0,1,2,1,1,1,1,0,2,1,768
10000193,1,0,2,14:36,PA,10190,1,0,1,e,NA,21,21,0,3,3,1,0,3,2,0,1,1,694
10000193,2,0,2,14:39,PA,10190,1,0,1,e,NA,21,21,0,3,3,1,0,3,2,0,1,1,694
10000193,3,0,2,14:40,PA,10190,1,0,1,e,NA,21,21,0,3,3,1,0,3,2,0,1,1,672
10000193,4,0,2,14:41,PA,10190,1,0,1,e,NA,21,21,0,3,3,1,0,3,2,0,1,1,670
10000193,5,0,2,14:43,PA,10190,1,0,1,e,NA,21,21,0,3,3,1,1,2,2,1,1,1,677
10000193,6,0,2,14:45,PA,10190,1,0,1,e,NA,21,21,0,3,3,1,1,2,2,1,1,1,677
10000193,7,0,2,14:52,PA,10190,1,0,1,e,NA,21,21,0,3,3,1,1,2,2,1,1,1,677
10000193,8,0,2,14:53,PA,10190,1,0,1,e,NA,21,21,0,3,3,1,1,2,2,1,1,1,677
10000193,9,0,2,14:59,PA,10190,1,0,1,e,NA,21,21,0,3,3,1,1,2,2,1,1,1,677
10000193,10,1,0,14:24,PA,10190,1,0,1,e,NA,21,21,0,3,3,1,0,2,3,0,2,4,687
10000194,1,0,0,15:10,NY,10191,1,1,7,e,3,52,52,0,4,15,1,0,4,3,1,0,2,633
10000194,2,0,0,15:11,NY,10191,1,1,7,e,3,52,52,0,4,15,1,0,4,3,1,0,2,630
10000194,3,0,0,15:12,NY,10191,1,1,7,e,3,52,52,0,4,15,1,0,4,3,1,0,2,630
10000194,4,0,0,15:13,NY,10191,1,1,7,e,3,52,52,0,4,15,1,0,3,3,1,0,2,627
10000194,5,0,0,15:15,NY,10191,1,1,7,e,3,52,52,0,4,15,1,0,4,3,1,0,2,630
10000194,6,0,0,15:15,NY,10191,1,1,7,e,3,52,52,0,4,15,1,0,4,3,1,0,2,621
10000194,7,1,0,16:28,NY,10191,1,1,7,e,3,52,52,0,4,15,2,0,4,3,1,0,2,615
10000197,1,0,4,15:15,MD,10194,1,0,9,d,3,23,23,0,2,1,0,0,1,1,0,0,4,678
10000197,2,0,4,15:21,MD,10194,1,0,9,d,3,23,23,0,2,1,0,0,2,2,0,0,4,680
10000197,3,0,4,15:26,MD,10194,1,0,9,d,3,23,23,0,1,1,0,0,2,2,0,0,4,692
10000197,4,0,4,15:26,MD,10194,1,0,9,d,3,23,23,0,1,1,0,0,1,1,0,0,3,680
10000197,5,0,4,15:27,MD,10194,1,0,9,d,3,23,23,0,1,1,0,0,1,1,0,0,2,674
10000197,6,0,4,15:30,MD,10194,1,0,9,d,3,23,23,0,2,1,0,0,2,2,0,0,2,668
10000197,7,0,4,15:31,MD,10194,1,0,9,d,3,23,23,0,2,1,0,0,2,2,0,0,2,668
10000197,8,1,0,16:56,MD,10194,1,0,9,d,3,23,23,0,2,1,0,1,2,2,0,0,2,669
10000198,1,0,3,13:57,IN,10195,1,1,8,e,1,35,35,0,3,5,0,0,2,3,0,0,1,535
10000198,2,0,3,13:57,IN,10195,1,1,8,e,1,35,35,0,3,5,1,1,3,3,0,2,1,583
10000198,3,0,3,13:58,IN,10195,1,1,8,e,1,35,35,0,3,5,1,1,3,3,0,2,1,586
10000198,4,0,3,14:03,IN,10195,1,1,8,e,1,35,35,0,3,5,1,1,3,3,0,2,1,590
10000198,5,0,3,14:19,IN,10195,1,1,8,e,1,35,35,0,3,5,1,1,3,3,0,2,1,590
10000198,6,0,3,14:20,IN,10195,1,1,8,e,1,35,35,0,3,5,1,1,3,3,0,2,1,586
10000198,7,0,3,14:21,IN,10195,1,1,8,e,1,35,35,0,3,5,1,1,3,3,0,2,1,590
10000198,8,1,4,9:17,IN,10195,1,1,8,e,1,35,35,0,3,5,1,1,3,3,0,2,1,583
10000200,1,0,1,15:34,NE,10197,1,0,9,h,1,45,45,0,1,3,1,0,3,3,0,2,1,588
10000200,2,0,1,16:18,NE,10197,1,0,9,h,1,45,45,0,1,3,1,0,3,3,0,2,1,588
10000200,3,0,1,16:23,NE,10197,1,0,9,h,1,45,45,0,1,3,1,0,3,3,0,2,2,589
10000200,4,0,1,16:24,NE,10197,1,0,9,h,1,45,45,0,1,3,2,0,3,3,0,3,2,578
10000200,5,1,1,15:17,NE,10197,1,0,9,h,1,46,46,0,1,3,2,1,3,3,1,3,2,584
10000203,1,0,1,14:53,RI,10200,1,1,1,f,2,66,66,0,3,7,1,0,2,2,1,2,2,618
10000203,2,0,1,14:54,RI,10200,1,1,1,f,2,66,66,0,3,7,1,0,2,2,1,2,2,618
10000203,3,0,1,14:54,RI,10200,1,1,1,f,2,66,66,0,3,7,1,0,2,2,1,2,2,618
10000203,4,1,4,8:42,RI,10200,1,1,1,f,2,66,66,0,3,7,1,1,3,3,1,1,1,636
10000205,1,0,3,16:10,OH,10202,2,1,3,g,2,38,37,1,3,13,1,0,3,3,0,1,3,621
10000205,2,0,3,16:10,OH,10202,2,1,3,g,2,38,37,1,3,13,1,0,3,3,0,1,3,625
10000205,3,0,3,16:12,OH,10202,2,1,3,g,2,38,37,1,3,13,1,0,3,3,0,1,3,625
10000205,4,0,3,16:14,OH,10202,2,1,3,g,2,38,37,1,3,13,1,0,3,3,0,1,3,625
10000205,5,0,3,16:15,OH,10202,2,1,3,g,2,38,37,1,3,13,1,0,3,3,0,1,3,625
10000205,6,0,3,16:17,OH,10202,2,1,3,g,2,38,37,1,3,13,1,0,3,3,0,1,3,629
10000205,7,0,3,16:17,OH,10202,2,1,3,g,2,38,37,1,3,13,1,0,3,3,0,1,3,629
10000205,8,1,3,16:18,OH,10202,2,1,3,g,2,38,37,1,3,13,1,0,3,3,0,1,3,629
10000206,1,0,0,14:02,OH,10203,1,0,0,e,NA,30,30,0,NA,NA,1,1,1,1,1,2,2,692
10000206,2,0,0,14:04,OH,10203,1,0,0,e,NA,30,30,0,1,0,1,1,3,3,1,2,3,653
10000206,3,0,0,14:05,OH,10203,1,0,0,e,NA,30,30,0,1,0,1,1,1,2,1,2,3,652
10000206,4,0,0,14:06,OH,10203,1,0,0,e,NA,30,30,0,1,0,1,1,1,2,1,2,3,652
10000206,5,0,0,14:07,OH,10203,1,0,0,e,NA,30,30,0,1,0,1,1,1,2,1,2,3,653
10000206,6,0,0,14:08,OH,10203,1,0,0,e,NA,30,30,0,1,0,1,1,1,2,1,2,3,653
10000206,7,0,0,14:09,OH,10203,1,0,0,e,NA,30,30,0,1,0,1,1,1,2,1,2,3,653
10000206,8,0,0,14:29,OH,10203,1,0,0,e,NA,30,30,0,1,0,1,1,1,2,1,2,3,653
10000206,9,0,0,14:30,OH,10203,1,0,0,e,NA,30,30,0,1,0,1,1,1,2,1,2,3,644
10000206,10,0,0,14:31,OH,10203,1,0,0,e,NA,30,30,0,1,0,1,1,1,2,1,2,3,653
10000206,11,1,0,15:09,OH,10203,1,0,0,e,NA,30,30,0,1,0,1,1,1,2,1,2,3,661
10000208,1,0,3,18:53,WA,10205,1,1,4,d,NA,25,25,0,4,3,2,0,3,3,0,0,2,631
10000208,2,0,3,18:54,WA,10205,1,1,4,d,NA,25,25,0,4,3,2,0,3,3,1,1,2,649
10000208,3,0,3,18:54,WA,10205,1,1,4,d,NA,25,25,0,4,3,2,0,3,3,1,1,2,649
10000208,4,0,3,18:55,WA,10205,1,1,4,d,NA,25,25,0,4,3,2,0,3,3,1,1,2,653
10000208,5,1,3,19:00,WA,10205,1,1,4,d,NA,25,25,0,4,3,2,0,3,3,1,1,2,653
10000209,1,0,4,16:14,NY,10206,1,1,7,g,4,23,23,0,NA,NA,1,0,3,3,0,0,3,719
10000209,2,0,4,16:15,NY,10206,1,1,7,g,4,23,23,0,NA,NA,1,0,3,3,0,0,2,717
10000209,3,0,4,16:16,NY,10206,1,1,7,g,4,23,23,0,NA,NA,1,0,3,3,0,0,2,722
10000209,4,1,1,12:53,NY,10206,2,1,7,g,4,52,23,0,4,4,2,0,4,3,0,0,2,666
10000210,1,0,1,16:58,UT,10207,2,1,10,f,3,75,75,1,2,8,1,0,2,3,0,2,1,568
10000210,2,0,1,16:59,UT,10207,2,1,10,f,3,75,75,1,2,8,1,0,2,3,0,2,1,556
10000210,3,0,1,17:00,UT,10207,2,1,10,f,3,75,75,1,2,8,1,0,2,3,0,2,1,562
10000210,4,0,1,17:00,UT,10207,2,1,10,f,3,75,75,1,2,8,1,0,2,3,0,2,1,562
10000210,5,0,1,17:02,UT,10207,2,1,10,f,3,75,75,1,2,8,1,0,2,3,0,2,1,572
10000210,6,1,2,16:43,UT,10207,2,1,10,f,3,75,75,1,2,8,1,0,2,3,0,2,1,572
10000211,1,0,3,13:59,OH,10208,1,1,16,g,4,35,35,0,1,10,2,0,3,3,0,1,2,589
10000211,2,0,3,14:00,OH,10208,1,1,16,g,4,35,35,0,1,10,2,0,3,3,0,1,2,582
10000211,3,0,3,14:05,OH,10208,1,1,16,g,4,35,35,0,1,10,0,0,3,3,0,0,2,549
10000211,4,0,3,14:07,OH,10208,1,1,16,g,4,35,35,0,1,10,0,0,3,3,0,0,2,555
10000211,5,0,3,14:07,OH,10208,1,1,16,g,4,35,35,0,1,10,0,0,3,3,0,0,2,555
10000211,6,0,3,14:11,OH,10208,1,1,16,g,4,35,35,0,1,10,0,0,3,3,0,0,2,549
10000211,7,0,3,14:35,OH,10208,1,1,16,g,4,35,35,0,1,10,0,0,3,3,0,0,2,549
10000211,8,0,3,15:34,OH,10208,1,1,16,f,4,35,35,0,1,10,0,0,3,3,0,0,2,550
10000211,9,0,3,15:35,OH,10208,1,1,16,f,4,35,35,0,1,10,0,0,3,3,0,0,2,550
10000211,10,1,3,15:45,OH,10208,1,1,16,f,4,35,35,0,1,10,0,0,3,3,0,0,2,550
10000212,1,0,0,8:31,WV,10209,1,0,13,d,1,75,75,0,3,15,0,0,3,3,0,2,2,589
10000212,2,0,0,8:32,WV,10209,1,0,13,d,1,75,75,0,3,15,0,0,3,3,0,2,1,588
10000212,3,0,0,8:34,WV,10209,1,0,13,d,1,75,75,0,3,15,0,0,3,3,0,2,1,585
10000212,4,0,0,8:40,WV,10209,1,0,13,d,1,75,75,0,3,15,0,0,3,3,0,2,1,585
10000212,5,0,0,8:40,WV,10209,1,0,13,d,1,75,75,0,3,15,0,0,3,3,0,2,1,585
10000212,6,0,0,8:46,WV,10209,1,0,13,d,1,75,75,0,3,15,0,0,3,3,0,2,1,585
10000212,7,1,0,8:49,WV,10209,1,0,13,d,1,75,75,0,3,15,0,0,3,3,0,2,1,585
10000214,1,0,4,9:13,PA,10211,1,0,16,e,NA,26,26,0,1,2,0,0,1,1,0,0,1,601
10000214,2,0,4,9:15,PA,10211,1,0,16,e,NA,26,26,0,1,2,0,0,1,1,0,0,1,590
10000214,3,0,4,9:16,PA,10211,1,0,16,e,NA,26,26,0,1,2,0,0,1,1,0,0,1,582
10000214,4,0,4,9:17,PA,10211,1,0,16,e,NA,26,26,0,1,2,0,0,1,1,0,0,1,590
